k,train_years,test_year,n_train,n_test,adj_rand,pitcher
2,"[2016, 2017, 2018, 2019, 2020, 2021, 2022, 2023, 2024, 2025]",2017,2093,2851,0.0,"Kershaw, Clayton"
2,"[2016, 2017, 2018, 2019, 2020, 2021, 2022, 2023, 2024, 2025]",2018,4944,2713,0.024,"Kershaw, Clayton"
2,"[2016, 2017, 2018, 2019, 2020, 2021, 2022, 2023, 2024, 2025]",2019,7657,2574,0.351,"Kershaw, Clayton"
2,"[2016, 2017, 2018, 2019, 2020, 2021, 2022, 2023, 2024, 2025]",2020,10231,1149,0.345,"Kershaw, Clayton"
2,"[2016, 2017, 2018, 2019, 2020, 2021, 2022, 2023, 2024, 2025]",2021,11380,1727,0.348,"Kershaw, Clayton"
2,"[2016, 2017, 2018, 2019, 2020, 2021, 2022, 2023, 2024, 2025]",2022,13107,1842,0.357,"Kershaw, Clayton"
2,"[2016, 2017, 2018, 2019, 2020, 2021, 2022, 2023, 2024, 2025]",2023,14949,1972,0.364,"Kershaw, Clayton"
2,"[2016, 2017, 2018, 2019, 2020, 2021, 2022, 2023, 2024, 2025]",2024,16921,432,0.326,"Kershaw, Clayton"
2,"[2016, 2017, 2018, 2019, 2020, 2021, 2022, 2023, 2024, 2025]",2025,17353,1656,0.329,"Kershaw, Clayton"
3,"[2016, 2017, 2018, 2019, 2020, 2021, 2022, 2023, 2024, 2025]",2017,2093,2851,0.583,"Kershaw, Clayton"
3,"[2016, 2017, 2018, 2019, 2020, 2021, 2022, 2023, 2024, 2025]",2018,4944,2713,0.334,"Kershaw, Clayton"
3,"[2016, 2017, 2018, 2019, 2020, 2021, 2022, 2023, 2024, 2025]",2019,7657,2574,0.388,"Kershaw, Clayton"
3,"[2016, 2017, 2018, 2019, 2020, 2021, 2022, 2023, 2024, 2025]",2020,10231,1149,0.385,"Kershaw, Clayton"
3,"[2016, 2017, 2018, 2019, 2020, 2021, 2022, 2023, 2024, 2025]",2021,11380,1727,0.398,"Kershaw, Clayton"
3,"[2016, 2017, 2018, 2019, 2020, 2021, 2022, 2023, 2024, 2025]",2022,13107,1842,0.397,"Kershaw, Clayton"
3,"[2016, 2017, 2018, 2019, 2020, 2021, 2022, 2023, 2024, 2025]",2023,14949,1972,0.39,"Kershaw, Clayton"
3,"[2016, 2017, 2018, 2019, 2020, 2021, 2022, 2023, 2024, 2025]",2024,16921,432,0.326,"Kershaw, Clayton"
3,"[2016, 2017, 2018, 2019, 2020, 2021, 2022, 2023, 2024, 2025]",2025,17353,1656,0.329,"Kershaw, Clayton"
4,"[2016, 2017, 2018, 2019, 2020, 2021, 2022, 2023, 2024, 2025]",2017,2093,2851,0.649,"Kershaw, Clayton"
4,"[2016, 2017, 2018, 2019, 2020, 2021, 2022, 2023, 2024, 2025]",2018,4944,2713,0.545,"Kershaw, Clayton"
4,"[2016, 2017, 2018, 2019, 2020, 2021, 2022, 2023, 2024, 2025]",2019,7657,2574,0.349,"Kershaw, Clayton"
4,"[2016, 2017, 2018, 2019, 2020, 2021, 2022, 2023, 2024, 2025]",2020,10231,1149,0.573,"Kershaw, Clayton"
4,"[2016, 2017, 2018, 2019, 2020, 2021, 2022, 2023, 2024, 2025]",2021,11380,1727,0.475,"Kershaw, Clayton"
4,"[2016, 2017, 2018, 2019, 2020, 2021, 2022, 2023, 2024, 2025]",2022,13107,1842,0.645,"Kershaw, Clayton"
4,"[2016, 2017, 2018, 2019, 2020, 2021, 2022, 2023, 2024, 2025]",2023,14949,1972,0.381,"Kershaw, Clayton"
4,"[2016, 2017, 2018, 2019, 2020, 2021, 2022, 2023, 2024, 2025]",2024,16921,432,0.313,"Kershaw, Clayton"
4,"[2016, 2017, 2018, 2019, 2020, 2021, 2022, 2023, 2024, 2025]",2025,17353,1656,0.323,"Kershaw, Clayton"
5,"[2016, 2017, 2018, 2019, 2020, 2021, 2022, 2023, 2024, 2025]",2017,2093,2851,0.693,"Kershaw, Clayton"
5,"[2016, 2017, 2018, 2019, 2020, 2021, 2022, 2023, 2024, 2025]",2018,4944,2713,0.716,"Kershaw, Clayton"
5,"[2016, 2017, 2018, 2019, 2020, 2021, 2022, 2023, 2024, 2025]",2019,7657,2574,0.389,"Kershaw, Clayton"
5,"[2016, 2017, 2018, 2019, 2020, 2021, 2022, 2023, 2024, 2025]",2020,10231,1149,0.513,"Kershaw, Clayton"
5,"[2016, 2017, 2018, 2019, 2020, 2021, 2022, 2023, 2024, 2025]",2021,11380,1727,0.296,"Kershaw, Clayton"
5,"[2016, 2017, 2018, 2019, 2020, 2021, 2022, 2023, 2024, 2025]",2022,13107,1842,0.346,"Kershaw, Clayton"
5,"[2016, 2017, 2018, 2019, 2020, 2021, 2022, 2023, 2024, 2025]",2023,14949,1972,0.385,"Kershaw, Clayton"
5,"[2016, 2017, 2018, 2019, 2020, 2021, 2022, 2023, 2024, 2025]",2024,16921,432,0.391,"Kershaw, Clayton"
5,"[2016, 2017, 2018, 2019, 2020, 2021, 2022, 2023, 2024, 2025]",2025,17353,1656,0.378,"Kershaw, Clayton"
6,"[2016, 2017, 2018, 2019, 2020, 2021, 2022, 2023, 2024, 2025]",2024,16921,432,0.288,"Kershaw, Clayton"
6,"[2016, 2017, 2018, 2019, 2020, 2021, 2022, 2023, 2024, 2025]",2025,17353,1656,0.299,"Kershaw, Clayton"
2,"[2016, 2017, 2018, 2019, 2021, 2022, 2023, 2024, 2025]",2017,3203,3495,0.496,"Sale, Chris"
2,"[2016, 2017, 2018, 2019, 2021, 2022, 2023, 2024, 2025]",2018,6698,2730,0.543,"Sale, Chris"
2,"[2016, 2017, 2018, 2019, 2021, 2022, 2023, 2024, 2025]",2019,9428,2389,0.577,"Sale, Chris"
2,"[2016, 2017, 2018, 2019, 2021, 2022, 2023, 2024, 2025]",2021,11817,821,0.589,"Sale, Chris"
2,"[2016, 2017, 2018, 2019, 2021, 2022, 2023, 2024, 2025]",2022,12638,24,0.264,"Sale, Chris"
2,"[2016, 2017, 2018, 2019, 2021, 2022, 2023, 2024, 2025]",2023,12662,1594,0.639,"Sale, Chris"
2,"[2016, 2017, 2018, 2019, 2021, 2022, 2023, 2024, 2025]",2024,14256,2730,0.631,"Sale, Chris"
2,"[2016, 2017, 2018, 2019, 2021, 2022, 2023, 2024, 2025]",2025,16986,1944,0.816,"Sale, Chris"
3,"[2016, 2017, 2018, 2019, 2021, 2022, 2023, 2024, 2025]",2017,3203,3495,0.738,"Sale, Chris"
3,"[2016, 2017, 2018, 2019, 2021, 2022, 2023, 2024, 2025]",2018,6698,2730,0.585,"Sale, Chris"
3,"[2016, 2017, 2018, 2019, 2021, 2022, 2023, 2024, 2025]",2019,9428,2389,0.81,"Sale, Chris"
3,"[2016, 2017, 2018, 2019, 2021, 2022, 2023, 2024, 2025]",2021,11817,821,0.849,"Sale, Chris"
3,"[2016, 2017, 2018, 2019, 2021, 2022, 2023, 2024, 2025]",2022,12638,24,0.554,"Sale, Chris"
3,"[2016, 2017, 2018, 2019, 2021, 2022, 2023, 2024, 2025]",2023,12662,1594,0.633,"Sale, Chris"
3,"[2016, 2017, 2018, 2019, 2021, 2022, 2023, 2024, 2025]",2024,14256,2730,0.746,"Sale, Chris"
3,"[2016, 2017, 2018, 2019, 2021, 2022, 2023, 2024, 2025]",2025,16986,1944,0.695,"Sale, Chris"
4,"[2016, 2017, 2018, 2019, 2021, 2022, 2023, 2024, 2025]",2018,6698,2730,0.615,"Sale, Chris"
4,"[2016, 2017, 2018, 2019, 2021, 2022, 2023, 2024, 2025]",2019,9428,2389,0.622,"Sale, Chris"
4,"[2016, 2017, 2018, 2019, 2021, 2022, 2023, 2024, 2025]",2021,11817,821,0.741,"Sale, Chris"
4,"[2016, 2017, 2018, 2019, 2021, 2022, 2023, 2024, 2025]",2022,12638,24,0.508,"Sale, Chris"
4,"[2016, 2017, 2018, 2019, 2021, 2022, 2023, 2024, 2025]",2023,12662,1594,0.59,"Sale, Chris"
4,"[2016, 2017, 2018, 2019, 2021, 2022, 2023, 2024, 2025]",2024,14256,2730,0.741,"Sale, Chris"
4,"[2016, 2017, 2018, 2019, 2021, 2022, 2023, 2024, 2025]",2025,16986,1944,0.702,"Sale, Chris"
2,"[2016, 2017, 2018, 2019, 2020, 2021, 2022, 2023, 2024, 2025]",2017,2087,2398,0.088,"Gibson, Kyle"
2,"[2016, 2017, 2018, 2019, 2020, 2021, 2022, 2023, 2024, 2025]",2018,4485,2990,0.352,"Gibson, Kyle"
2,"[2016, 2017, 2018, 2019, 2020, 2021, 2022, 2023, 2024, 2025]",2019,7475,2561,0.333,"Gibson, Kyle"
2,"[2016, 2017, 2018, 2019, 2020, 2021, 2022, 2023, 2024, 2025]",2020,10036,1045,0.41,"Gibson, Kyle"
2,"[2016, 2017, 2018, 2019, 2020, 2021, 2022, 2023, 2024, 2025]",2021,11081,2848,0.266,"Gibson, Kyle"
2,"[2016, 2017, 2018, 2019, 2020, 2021, 2022, 2023, 2024, 2025]",2022,13929,2698,0.25,"Gibson, Kyle"
2,"[2016, 2017, 2018, 2019, 2020, 2021, 2022, 2023, 2024, 2025]",2023,16627,2987,0.255,"Gibson, Kyle"
2,"[2016, 2017, 2018, 2019, 2020, 2021, 2022, 2023, 2024, 2025]",2024,19614,2648,0.283,"Gibson, Kyle"
2,"[2016, 2017, 2018, 2019, 2020, 2021, 2022, 2023, 2024, 2025]",2025,22262,207,0.3,"Gibson, Kyle"
3,"[2016, 2017, 2018, 2019, 2020, 2021, 2022, 2023, 2024, 2025]",2017,2087,2398,0.337,"Gibson, Kyle"
3,"[2016, 2017, 2018, 2019, 2020, 2021, 2022, 2023, 2024, 2025]",2018,4485,2990,0.472,"Gibson, Kyle"
3,"[2016, 2017, 2018, 2019, 2020, 2021, 2022, 2023, 2024, 2025]",2019,7475,2561,0.31,"Gibson, Kyle"
3,"[2016, 2017, 2018, 2019, 2020, 2021, 2022, 2023, 2024, 2025]",2020,10036,1045,0.667,"Gibson, Kyle"
3,"[2016, 2017, 2018, 2019, 2020, 2021, 2022, 2023, 2024, 2025]",2021,11081,2848,0.328,"Gibson, Kyle"
3,"[2016, 2017, 2018, 2019, 2020, 2021, 2022, 2023, 2024, 2025]",2022,13929,2698,0.282,"Gibson, Kyle"
3,"[2016, 2017, 2018, 2019, 2020, 2021, 2022, 2023, 2024, 2025]",2023,16627,2987,0.291,"Gibson, Kyle"
3,"[2016, 2017, 2018, 2019, 2020, 2021, 2022, 2023, 2024, 2025]",2024,19614,2648,0.296,"Gibson, Kyle"
3,"[2016, 2017, 2018, 2019, 2020, 2021, 2022, 2023, 2024, 2025]",2025,22262,207,0.278,"Gibson, Kyle"
4,"[2016, 2017, 2018, 2019, 2020, 2021, 2022, 2023, 2024, 2025]",2017,2087,2398,0.469,"Gibson, Kyle"
4,"[2016, 2017, 2018, 2019, 2020, 2021, 2022, 2023, 2024, 2025]",2018,4485,2990,0.523,"Gibson, Kyle"
4,"[2016, 2017, 2018, 2019, 2020, 2021, 2022, 2023, 2024, 2025]",2019,7475,2561,0.301,"Gibson, Kyle"
4,"[2016, 2017, 2018, 2019, 2020, 2021, 2022, 2023, 2024, 2025]",2020,10036,1045,0.65,"Gibson, Kyle"
4,"[2016, 2017, 2018, 2019, 2020, 2021, 2022, 2023, 2024, 2025]",2021,11081,2848,0.388,"Gibson, Kyle"
4,"[2016, 2017, 2018, 2019, 2020, 2021, 2022, 2023, 2024, 2025]",2022,13929,2698,0.317,"Gibson, Kyle"
4,"[2016, 2017, 2018, 2019, 2020, 2021, 2022, 2023, 2024, 2025]",2023,16627,2987,0.468,"Gibson, Kyle"
4,"[2016, 2017, 2018, 2019, 2020, 2021, 2022, 2023, 2024, 2025]",2024,19614,2648,0.408,"Gibson, Kyle"
4,"[2016, 2017, 2018, 2019, 2020, 2021, 2022, 2023, 2024, 2025]",2025,22262,207,0.513,"Gibson, Kyle"
5,"[2016, 2017, 2018, 2019, 2020, 2021, 2022, 2023, 2024, 2025]",2017,2087,2398,0.505,"Gibson, Kyle"
5,"[2016, 2017, 2018, 2019, 2020, 2021, 2022, 2023, 2024, 2025]",2018,4485,2990,0.495,"Gibson, Kyle"
5,"[2016, 2017, 2018, 2019, 2020, 2021, 2022, 2023, 2024, 2025]",2019,7475,2561,0.573,"Gibson, Kyle"
5,"[2016, 2017, 2018, 2019, 2020, 2021, 2022, 2023, 2024, 2025]",2020,10036,1045,0.561,"Gibson, Kyle"
5,"[2016, 2017, 2018, 2019, 2020, 2021, 2022, 2023, 2024, 2025]",2021,11081,2848,0.369,"Gibson, Kyle"
5,"[2016, 2017, 2018, 2019, 2020, 2021, 2022, 2023, 2024, 2025]",2022,13929,2698,0.394,"Gibson, Kyle"
5,"[2016, 2017, 2018, 2019, 2020, 2021, 2022, 2023, 2024, 2025]",2023,16627,2987,0.488,"Gibson, Kyle"
5,"[2016, 2017, 2018, 2019, 2020, 2021, 2022, 2023, 2024, 2025]",2024,19614,2648,0.447,"Gibson, Kyle"
5,"[2016, 2017, 2018, 2019, 2020, 2021, 2022, 2023, 2024, 2025]",2025,22262,207,0.459,"Gibson, Kyle"
6,"[2016, 2017, 2018, 2019, 2020, 2021, 2022, 2023, 2024, 2025]",2021,11081,2848,0.37,"Gibson, Kyle"
6,"[2016, 2017, 2018, 2019, 2020, 2021, 2022, 2023, 2024, 2025]",2022,13929,2698,0.393,"Gibson, Kyle"
6,"[2016, 2017, 2018, 2019, 2020, 2021, 2022, 2023, 2024, 2025]",2023,16627,2987,0.493,"Gibson, Kyle"
6,"[2016, 2017, 2018, 2019, 2020, 2021, 2022, 2023, 2024, 2025]",2024,19614,2648,0.446,"Gibson, Kyle"
6,"[2016, 2017, 2018, 2019, 2020, 2021, 2022, 2023, 2024, 2025]",2025,22262,207,0.463,"Gibson, Kyle"
7,"[2016, 2017, 2018, 2019, 2020, 2021, 2022, 2023, 2024, 2025]",2022,13929,2698,0.39,"Gibson, Kyle"
7,"[2016, 2017, 2018, 2019, 2020, 2021, 2022, 2023, 2024, 2025]",2023,16627,2987,0.542,"Gibson, Kyle"
7,"[2016, 2017, 2018, 2019, 2020, 2021, 2022, 2023, 2024, 2025]",2024,19614,2648,0.446,"Gibson, Kyle"
7,"[2016, 2017, 2018, 2019, 2020, 2021, 2022, 2023, 2024, 2025]",2025,22262,207,0.483,"Gibson, Kyle"
2,"[2016, 2017, 2018, 2019, 2022, 2023, 2024, 2025]",2017,3505,3952,0.458,"Verlander, Justin"
2,"[2016, 2017, 2018, 2019, 2022, 2023, 2024, 2025]",2018,7457,3611,0.529,"Verlander, Justin"
2,"[2016, 2017, 2018, 2019, 2022, 2023, 2024, 2025]",2019,11068,3736,0.366,"Verlander, Justin"
2,"[2016, 2017, 2018, 2019, 2022, 2023, 2024, 2025]",2022,14804,2890,0.414,"Verlander, Justin"
2,"[2016, 2017, 2018, 2019, 2022, 2023, 2024, 2025]",2023,17694,2797,0.413,"Verlander, Justin"
2,"[2016, 2017, 2018, 2019, 2022, 2023, 2024, 2025]",2024,20491,1500,0.413,"Verlander, Justin"
2,"[2016, 2017, 2018, 2019, 2022, 2023, 2024, 2025]",2025,21991,2515,0.365,"Verlander, Justin"
3,"[2016, 2017, 2018, 2019, 2022, 2023, 2024, 2025]",2017,3505,3952,0.275,"Verlander, Justin"
3,"[2016, 2017, 2018, 2019, 2022, 2023, 2024, 2025]",2018,7457,3611,0.565,"Verlander, Justin"
3,"[2016, 2017, 2018, 2019, 2022, 2023, 2024, 2025]",2019,11068,3736,0.432,"Verlander, Justin"
3,"[2016, 2017, 2018, 2019, 2022, 2023, 2024, 2025]",2022,14804,2890,0.444,"Verlander, Justin"
3,"[2016, 2017, 2018, 2019, 2022, 2023, 2024, 2025]",2023,17694,2797,0.427,"Verlander, Justin"
3,"[2016, 2017, 2018, 2019, 2022, 2023, 2024, 2025]",2024,20491,1500,0.426,"Verlander, Justin"
3,"[2016, 2017, 2018, 2019, 2022, 2023, 2024, 2025]",2025,21991,2515,0.384,"Verlander, Justin"
4,"[2016, 2017, 2018, 2019, 2022, 2023, 2024, 2025]",2017,3505,3952,0.324,"Verlander, Justin"
4,"[2016, 2017, 2018, 2019, 2022, 2023, 2024, 2025]",2018,7457,3611,0.583,"Verlander, Justin"
4,"[2016, 2017, 2018, 2019, 2022, 2023, 2024, 2025]",2019,11068,3736,0.455,"Verlander, Justin"
4,"[2016, 2017, 2018, 2019, 2022, 2023, 2024, 2025]",2022,14804,2890,0.45,"Verlander, Justin"
4,"[2016, 2017, 2018, 2019, 2022, 2023, 2024, 2025]",2023,17694,2797,0.523,"Verlander, Justin"
4,"[2016, 2017, 2018, 2019, 2022, 2023, 2024, 2025]",2024,20491,1500,0.628,"Verlander, Justin"
4,"[2016, 2017, 2018, 2019, 2022, 2023, 2024, 2025]",2025,21991,2515,0.384,"Verlander, Justin"
5,"[2016, 2017, 2018, 2019, 2022, 2023, 2024, 2025]",2018,7457,3611,0.649,"Verlander, Justin"
5,"[2016, 2017, 2018, 2019, 2022, 2023, 2024, 2025]",2019,11068,3736,0.457,"Verlander, Justin"
5,"[2016, 2017, 2018, 2019, 2022, 2023, 2024, 2025]",2022,14804,2890,0.46,"Verlander, Justin"
5,"[2016, 2017, 2018, 2019, 2022, 2023, 2024, 2025]",2023,17694,2797,0.552,"Verlander, Justin"
5,"[2016, 2017, 2018, 2019, 2022, 2023, 2024, 2025]",2024,20491,1500,0.905,"Verlander, Justin"
5,"[2016, 2017, 2018, 2019, 2022, 2023, 2024, 2025]",2025,21991,2515,0.385,"Verlander, Justin"
2,"[2016, 2017, 2018, 2019, 2020, 2021, 2022, 2023, 2024, 2025]",2017,3331,3051,0.581,"Scherzer, Max"
2,"[2016, 2017, 2018, 2019, 2020, 2021, 2022, 2023, 2024, 2025]",2018,6382,3309,0.297,"Scherzer, Max"
2,"[2016, 2017, 2018, 2019, 2020, 2021, 2022, 2023, 2024, 2025]",2019,9691,3119,0.606,"Scherzer, Max"
2,"[2016, 2017, 2018, 2019, 2020, 2021, 2022, 2023, 2024, 2025]",2020,12810,1114,0.251,"Scherzer, Max"
2,"[2016, 2017, 2018, 2019, 2020, 2021, 2022, 2023, 2024, 2025]",2021,13924,3025,0.179,"Scherzer, Max"
2,"[2016, 2017, 2018, 2019, 2020, 2021, 2022, 2023, 2024, 2025]",2022,16949,2163,0.571,"Scherzer, Max"
2,"[2016, 2017, 2018, 2019, 2020, 2021, 2022, 2023, 2024, 2025]",2023,19112,2516,0.142,"Scherzer, Max"
2,"[2016, 2017, 2018, 2019, 2020, 2021, 2022, 2023, 2024, 2025]",2024,21628,612,0.001,"Scherzer, Max"
2,"[2016, 2017, 2018, 2019, 2020, 2021, 2022, 2023, 2024, 2025]",2025,22240,1561,0.259,"Scherzer, Max"
3,"[2016, 2017, 2018, 2019, 2020, 2021, 2022, 2023, 2024, 2025]",2017,3331,3051,0.474,"Scherzer, Max"
3,"[2016, 2017, 2018, 2019, 2020, 2021, 2022, 2023, 2024, 2025]",2018,6382,3309,0.679,"Scherzer, Max"
3,"[2016, 2017, 2018, 2019, 2020, 2021, 2022, 2023, 2024, 2025]",2019,9691,3119,0.298,"Scherzer, Max"
3,"[2016, 2017, 2018, 2019, 2020, 2021, 2022, 2023, 2024, 2025]",2020,12810,1114,0.606,"Scherzer, Max"
3,"[2016, 2017, 2018, 2019, 2020, 2021, 2022, 2023, 2024, 2025]",2021,13924,3025,0.507,"Scherzer, Max"
3,"[2016, 2017, 2018, 2019, 2020, 2021, 2022, 2023, 2024, 2025]",2022,16949,2163,0.508,"Scherzer, Max"
3,"[2016, 2017, 2018, 2019, 2020, 2021, 2022, 2023, 2024, 2025]",2023,19112,2516,0.346,"Scherzer, Max"
3,"[2016, 2017, 2018, 2019, 2020, 2021, 2022, 2023, 2024, 2025]",2024,21628,612,0.549,"Scherzer, Max"
3,"[2016, 2017, 2018, 2019, 2020, 2021, 2022, 2023, 2024, 2025]",2025,22240,1561,0.595,"Scherzer, Max"
4,"[2016, 2017, 2018, 2019, 2020, 2021, 2022, 2023, 2024, 2025]",2017,3331,3051,0.418,"Scherzer, Max"
4,"[2016, 2017, 2018, 2019, 2020, 2021, 2022, 2023, 2024, 2025]",2018,6382,3309,0.493,"Scherzer, Max"
4,"[2016, 2017, 2018, 2019, 2020, 2021, 2022, 2023, 2024, 2025]",2019,9691,3119,0.387,"Scherzer, Max"
4,"[2016, 2017, 2018, 2019, 2020, 2021, 2022, 2023, 2024, 2025]",2020,12810,1114,0.606,"Scherzer, Max"
4,"[2016, 2017, 2018, 2019, 2020, 2021, 2022, 2023, 2024, 2025]",2021,13924,3025,0.503,"Scherzer, Max"
4,"[2016, 2017, 2018, 2019, 2020, 2021, 2022, 2023, 2024, 2025]",2022,16949,2163,0.498,"Scherzer, Max"
4,"[2016, 2017, 2018, 2019, 2020, 2021, 2022, 2023, 2024, 2025]",2023,19112,2516,0.631,"Scherzer, Max"
4,"[2016, 2017, 2018, 2019, 2020, 2021, 2022, 2023, 2024, 2025]",2024,21628,612,0.504,"Scherzer, Max"
4,"[2016, 2017, 2018, 2019, 2020, 2021, 2022, 2023, 2024, 2025]",2025,22240,1561,0.538,"Scherzer, Max"
5,"[2016, 2017, 2018, 2019, 2020, 2021, 2022, 2023, 2024, 2025]",2017,3331,3051,0.796,"Scherzer, Max"
5,"[2016, 2017, 2018, 2019, 2020, 2021, 2022, 2023, 2024, 2025]",2018,6382,3309,0.841,"Scherzer, Max"
5,"[2016, 2017, 2018, 2019, 2020, 2021, 2022, 2023, 2024, 2025]",2019,9691,3119,0.621,"Scherzer, Max"
5,"[2016, 2017, 2018, 2019, 2020, 2021, 2022, 2023, 2024, 2025]",2020,12810,1114,0.639,"Scherzer, Max"
5,"[2016, 2017, 2018, 2019, 2020, 2021, 2022, 2023, 2024, 2025]",2021,13924,3025,0.509,"Scherzer, Max"
5,"[2016, 2017, 2018, 2019, 2020, 2021, 2022, 2023, 2024, 2025]",2022,16949,2163,0.561,"Scherzer, Max"
5,"[2016, 2017, 2018, 2019, 2020, 2021, 2022, 2023, 2024, 2025]",2023,19112,2516,0.661,"Scherzer, Max"
5,"[2016, 2017, 2018, 2019, 2020, 2021, 2022, 2023, 2024, 2025]",2024,21628,612,0.547,"Scherzer, Max"
5,"[2016, 2017, 2018, 2019, 2020, 2021, 2022, 2023, 2024, 2025]",2025,22240,1561,0.602,"Scherzer, Max"
2,"[2016, 2017, 2018, 2019, 2020, 2021, 2022, 2023, 2024, 2025]",2017,1683,2573,0.425,"Nola, Aaron"
2,"[2016, 2017, 2018, 2019, 2020, 2021, 2022, 2023, 2024, 2025]",2018,4256,3141,0.456,"Nola, Aaron"
2,"[2016, 2017, 2018, 2019, 2020, 2021, 2022, 2023, 2024, 2025]",2019,7397,3228,0.523,"Nola, Aaron"
2,"[2016, 2017, 2018, 2019, 2020, 2021, 2022, 2023, 2024, 2025]",2020,10625,1067,0.353,"Nola, Aaron"
2,"[2016, 2017, 2018, 2019, 2020, 2021, 2022, 2023, 2024, 2025]",2021,11692,2887,0.395,"Nola, Aaron"
2,"[2016, 2017, 2018, 2019, 2020, 2021, 2022, 2023, 2024, 2025]",2022,14579,3383,0.346,"Nola, Aaron"
2,"[2016, 2017, 2018, 2019, 2020, 2021, 2022, 2023, 2024, 2025]",2023,17962,3346,0.396,"Nola, Aaron"
2,"[2016, 2017, 2018, 2019, 2020, 2021, 2022, 2023, 2024, 2025]",2024,21308,3192,0.408,"Nola, Aaron"
2,"[2016, 2017, 2018, 2019, 2020, 2021, 2022, 2023, 2024, 2025]",2025,24500,1504,0.37,"Nola, Aaron"
3,"[2016, 2017, 2018, 2019, 2020, 2021, 2022, 2023, 2024, 2025]",2017,1683,2573,0.319,"Nola, Aaron"
3,"[2016, 2017, 2018, 2019, 2020, 2021, 2022, 2023, 2024, 2025]",2018,4256,3141,0.774,"Nola, Aaron"
3,"[2016, 2017, 2018, 2019, 2020, 2021, 2022, 2023, 2024, 2025]",2019,7397,3228,0.778,"Nola, Aaron"
3,"[2016, 2017, 2018, 2019, 2020, 2021, 2022, 2023, 2024, 2025]",2020,10625,1067,0.684,"Nola, Aaron"
3,"[2016, 2017, 2018, 2019, 2020, 2021, 2022, 2023, 2024, 2025]",2021,11692,2887,0.597,"Nola, Aaron"
3,"[2016, 2017, 2018, 2019, 2020, 2021, 2022, 2023, 2024, 2025]",2022,14579,3383,0.523,"Nola, Aaron"
3,"[2016, 2017, 2018, 2019, 2020, 2021, 2022, 2023, 2024, 2025]",2023,17962,3346,0.551,"Nola, Aaron"
3,"[2016, 2017, 2018, 2019, 2020, 2021, 2022, 2023, 2024, 2025]",2024,21308,3192,0.524,"Nola, Aaron"
3,"[2016, 2017, 2018, 2019, 2020, 2021, 2022, 2023, 2024, 2025]",2025,24500,1504,0.522,"Nola, Aaron"
4,"[2016, 2017, 2018, 2019, 2020, 2021, 2022, 2023, 2024, 2025]",2017,1683,2573,0.624,"Nola, Aaron"
4,"[2016, 2017, 2018, 2019, 2020, 2021, 2022, 2023, 2024, 2025]",2018,4256,3141,0.682,"Nola, Aaron"
4,"[2016, 2017, 2018, 2019, 2020, 2021, 2022, 2023, 2024, 2025]",2019,7397,3228,0.766,"Nola, Aaron"
4,"[2016, 2017, 2018, 2019, 2020, 2021, 2022, 2023, 2024, 2025]",2020,10625,1067,0.681,"Nola, Aaron"
4,"[2016, 2017, 2018, 2019, 2020, 2021, 2022, 2023, 2024, 2025]",2021,11692,2887,0.605,"Nola, Aaron"
4,"[2016, 2017, 2018, 2019, 2020, 2021, 2022, 2023, 2024, 2025]",2022,14579,3383,0.517,"Nola, Aaron"
4,"[2016, 2017, 2018, 2019, 2020, 2021, 2022, 2023, 2024, 2025]",2023,17962,3346,0.507,"Nola, Aaron"
4,"[2016, 2017, 2018, 2019, 2020, 2021, 2022, 2023, 2024, 2025]",2024,21308,3192,0.473,"Nola, Aaron"
4,"[2016, 2017, 2018, 2019, 2020, 2021, 2022, 2023, 2024, 2025]",2025,24500,1504,0.562,"Nola, Aaron"
5,"[2016, 2017, 2018, 2019, 2020, 2021, 2022, 2023, 2024, 2025]",2018,4256,3141,0.542,"Nola, Aaron"
5,"[2016, 2017, 2018, 2019, 2020, 2021, 2022, 2023, 2024, 2025]",2019,7397,3228,0.662,"Nola, Aaron"
5,"[2016, 2017, 2018, 2019, 2020, 2021, 2022, 2023, 2024, 2025]",2020,10625,1067,0.662,"Nola, Aaron"
5,"[2016, 2017, 2018, 2019, 2020, 2021, 2022, 2023, 2024, 2025]",2021,11692,2887,0.565,"Nola, Aaron"
5,"[2016, 2017, 2018, 2019, 2020, 2021, 2022, 2023, 2024, 2025]",2022,14579,3383,0.498,"Nola, Aaron"
5,"[2016, 2017, 2018, 2019, 2020, 2021, 2022, 2023, 2024, 2025]",2023,17962,3346,0.585,"Nola, Aaron"
5,"[2016, 2017, 2018, 2019, 2020, 2021, 2022, 2023, 2024, 2025]",2024,21308,3192,0.489,"Nola, Aaron"
5,"[2016, 2017, 2018, 2019, 2020, 2021, 2022, 2023, 2024, 2025]",2025,24500,1504,0.558,"Nola, Aaron"
6,"[2016, 2017, 2018, 2019, 2020, 2021, 2022, 2023, 2024, 2025]",2022,14579,3383,0.473,"Nola, Aaron"
6,"[2016, 2017, 2018, 2019, 2020, 2021, 2022, 2023, 2024, 2025]",2023,17962,3346,0.52,"Nola, Aaron"
6,"[2016, 2017, 2018, 2019, 2020, 2021, 2022, 2023, 2024, 2025]",2024,21308,3192,0.547,"Nola, Aaron"
6,"[2016, 2017, 2018, 2019, 2020, 2021, 2022, 2023, 2024, 2025]",2025,24500,1504,0.459,"Nola, Aaron"
2,"[2016, 2017, 2018, 2020, 2021, 2022, 2023, 2024, 2025]",2017,2163,2691,0.424,"Walker, Taijuan"
2,"[2016, 2017, 2018, 2020, 2021, 2022, 2023, 2024, 2025]",2018,4854,126,0.306,"Walker, Taijuan"
2,"[2016, 2017, 2018, 2020, 2021, 2022, 2023, 2024, 2025]",2020,4980,812,0.233,"Walker, Taijuan"
2,"[2016, 2017, 2018, 2020, 2021, 2022, 2023, 2024, 2025]",2021,5792,2454,0.179,"Walker, Taijuan"
2,"[2016, 2017, 2018, 2020, 2021, 2022, 2023, 2024, 2025]",2022,8246,2463,0.245,"Walker, Taijuan"
2,"[2016, 2017, 2018, 2020, 2021, 2022, 2023, 2024, 2025]",2023,10709,2737,0.151,"Walker, Taijuan"
2,"[2016, 2017, 2018, 2020, 2021, 2022, 2023, 2024, 2025]",2024,13446,1266,0.193,"Walker, Taijuan"
2,"[2016, 2017, 2018, 2020, 2021, 2022, 2023, 2024, 2025]",2025,14712,2005,0.143,"Walker, Taijuan"
3,"[2016, 2017, 2018, 2020, 2021, 2022, 2023, 2024, 2025]",2017,2163,2691,0.693,"Walker, Taijuan"
3,"[2016, 2017, 2018, 2020, 2021, 2022, 2023, 2024, 2025]",2018,4854,126,0.581,"Walker, Taijuan"
3,"[2016, 2017, 2018, 2020, 2021, 2022, 2023, 2024, 2025]",2020,4980,812,0.391,"Walker, Taijuan"
3,"[2016, 2017, 2018, 2020, 2021, 2022, 2023, 2024, 2025]",2021,5792,2454,0.342,"Walker, Taijuan"
3,"[2016, 2017, 2018, 2020, 2021, 2022, 2023, 2024, 2025]",2022,8246,2463,0.511,"Walker, Taijuan"
3,"[2016, 2017, 2018, 2020, 2021, 2022, 2023, 2024, 2025]",2023,10709,2737,0.486,"Walker, Taijuan"
3,"[2016, 2017, 2018, 2020, 2021, 2022, 2023, 2024, 2025]",2024,13446,1266,0.373,"Walker, Taijuan"
3,"[2016, 2017, 2018, 2020, 2021, 2022, 2023, 2024, 2025]",2025,14712,2005,0.364,"Walker, Taijuan"
4,"[2016, 2017, 2018, 2020, 2021, 2022, 2023, 2024, 2025]",2017,2163,2691,0.626,"Walker, Taijuan"
4,"[2016, 2017, 2018, 2020, 2021, 2022, 2023, 2024, 2025]",2018,4854,126,0.544,"Walker, Taijuan"
4,"[2016, 2017, 2018, 2020, 2021, 2022, 2023, 2024, 2025]",2020,4980,812,0.386,"Walker, Taijuan"
4,"[2016, 2017, 2018, 2020, 2021, 2022, 2023, 2024, 2025]",2021,5792,2454,0.275,"Walker, Taijuan"
4,"[2016, 2017, 2018, 2020, 2021, 2022, 2023, 2024, 2025]",2022,8246,2463,0.484,"Walker, Taijuan"
4,"[2016, 2017, 2018, 2020, 2021, 2022, 2023, 2024, 2025]",2023,10709,2737,0.698,"Walker, Taijuan"
4,"[2016, 2017, 2018, 2020, 2021, 2022, 2023, 2024, 2025]",2024,13446,1266,0.406,"Walker, Taijuan"
4,"[2016, 2017, 2018, 2020, 2021, 2022, 2023, 2024, 2025]",2025,14712,2005,0.359,"Walker, Taijuan"
5,"[2016, 2017, 2018, 2020, 2021, 2022, 2023, 2024, 2025]",2017,2163,2691,0.601,"Walker, Taijuan"
5,"[2016, 2017, 2018, 2020, 2021, 2022, 2023, 2024, 2025]",2018,4854,126,0.459,"Walker, Taijuan"
5,"[2016, 2017, 2018, 2020, 2021, 2022, 2023, 2024, 2025]",2020,4980,812,0.546,"Walker, Taijuan"
5,"[2016, 2017, 2018, 2020, 2021, 2022, 2023, 2024, 2025]",2021,5792,2454,0.5,"Walker, Taijuan"
5,"[2016, 2017, 2018, 2020, 2021, 2022, 2023, 2024, 2025]",2022,8246,2463,0.64,"Walker, Taijuan"
5,"[2016, 2017, 2018, 2020, 2021, 2022, 2023, 2024, 2025]",2023,10709,2737,0.668,"Walker, Taijuan"
5,"[2016, 2017, 2018, 2020, 2021, 2022, 2023, 2024, 2025]",2024,13446,1266,0.641,"Walker, Taijuan"
5,"[2016, 2017, 2018, 2020, 2021, 2022, 2023, 2024, 2025]",2025,14712,2005,0.47,"Walker, Taijuan"
6,"[2016, 2017, 2018, 2020, 2021, 2022, 2023, 2024, 2025]",2021,5792,2454,0.478,"Walker, Taijuan"
6,"[2016, 2017, 2018, 2020, 2021, 2022, 2023, 2024, 2025]",2022,8246,2463,0.631,"Walker, Taijuan"
6,"[2016, 2017, 2018, 2020, 2021, 2022, 2023, 2024, 2025]",2023,10709,2737,0.669,"Walker, Taijuan"
6,"[2016, 2017, 2018, 2020, 2021, 2022, 2023, 2024, 2025]",2024,13446,1266,0.629,"Walker, Taijuan"
6,"[2016, 2017, 2018, 2020, 2021, 2022, 2023, 2024, 2025]",2025,14712,2005,0.466,"Walker, Taijuan"
7,"[2016, 2017, 2018, 2020, 2021, 2022, 2023, 2024, 2025]",2023,10709,2737,0.671,"Walker, Taijuan"
7,"[2016, 2017, 2018, 2020, 2021, 2022, 2023, 2024, 2025]",2024,13446,1266,0.608,"Walker, Taijuan"
7,"[2016, 2017, 2018, 2020, 2021, 2022, 2023, 2024, 2025]",2025,14712,2005,0.488,"Walker, Taijuan"
2,"[2016, 2017, 2018, 2019, 2020, 2021, 2022, 2023, 2024]",2017,1656,3136,0.412,"Cole, Gerrit"
2,"[2016, 2017, 2018, 2019, 2020, 2021, 2022, 2023, 2024]",2018,4792,3327,0.614,"Cole, Gerrit"
2,"[2016, 2017, 2018, 2019, 2020, 2021, 2022, 2023, 2024]",2019,8119,3785,0.616,"Cole, Gerrit"
2,"[2016, 2017, 2018, 2019, 2020, 2021, 2022, 2023, 2024]",2020,11904,1424,0.423,"Cole, Gerrit"
2,"[2016, 2017, 2018, 2019, 2020, 2021, 2022, 2023, 2024]",2021,13328,2919,0.461,"Cole, Gerrit"
2,"[2016, 2017, 2018, 2019, 2020, 2021, 2022, 2023, 2024]",2022,16247,3511,0.49,"Cole, Gerrit"
2,"[2016, 2017, 2018, 2019, 2020, 2021, 2022, 2023, 2024]",2023,19758,3186,0.483,"Cole, Gerrit"
2,"[2016, 2017, 2018, 2019, 2020, 2021, 2022, 2023, 2024]",2024,22944,1924,0.476,"Cole, Gerrit"
3,"[2016, 2017, 2018, 2019, 2020, 2021, 2022, 2023, 2024]",2017,1656,3136,0.299,"Cole, Gerrit"
3,"[2016, 2017, 2018, 2019, 2020, 2021, 2022, 2023, 2024]",2018,4792,3327,0.605,"Cole, Gerrit"
3,"[2016, 2017, 2018, 2019, 2020, 2021, 2022, 2023, 2024]",2019,8119,3785,0.495,"Cole, Gerrit"
3,"[2016, 2017, 2018, 2019, 2020, 2021, 2022, 2023, 2024]",2020,11904,1424,0.513,"Cole, Gerrit"
3,"[2016, 2017, 2018, 2019, 2020, 2021, 2022, 2023, 2024]",2021,13328,2919,0.568,"Cole, Gerrit"
3,"[2016, 2017, 2018, 2019, 2020, 2021, 2022, 2023, 2024]",2022,16247,3511,0.585,"Cole, Gerrit"
3,"[2016, 2017, 2018, 2019, 2020, 2021, 2022, 2023, 2024]",2023,19758,3186,0.596,"Cole, Gerrit"
3,"[2016, 2017, 2018, 2019, 2020, 2021, 2022, 2023, 2024]",2024,22944,1924,0.54,"Cole, Gerrit"
4,"[2016, 2017, 2018, 2019, 2020, 2021, 2022, 2023, 2024]",2017,1656,3136,0.493,"Cole, Gerrit"
4,"[2016, 2017, 2018, 2019, 2020, 2021, 2022, 2023, 2024]",2018,4792,3327,0.561,"Cole, Gerrit"
4,"[2016, 2017, 2018, 2019, 2020, 2021, 2022, 2023, 2024]",2019,8119,3785,0.493,"Cole, Gerrit"
4,"[2016, 2017, 2018, 2019, 2020, 2021, 2022, 2023, 2024]",2020,11904,1424,0.526,"Cole, Gerrit"
4,"[2016, 2017, 2018, 2019, 2020, 2021, 2022, 2023, 2024]",2021,13328,2919,0.48,"Cole, Gerrit"
4,"[2016, 2017, 2018, 2019, 2020, 2021, 2022, 2023, 2024]",2022,16247,3511,0.668,"Cole, Gerrit"
4,"[2016, 2017, 2018, 2019, 2020, 2021, 2022, 2023, 2024]",2023,19758,3186,0.643,"Cole, Gerrit"
4,"[2016, 2017, 2018, 2019, 2020, 2021, 2022, 2023, 2024]",2024,22944,1924,0.555,"Cole, Gerrit"
5,"[2016, 2017, 2018, 2019, 2020, 2021, 2022, 2023, 2024]",2017,1656,3136,0.328,"Cole, Gerrit"
5,"[2016, 2017, 2018, 2019, 2020, 2021, 2022, 2023, 2024]",2018,4792,3327,0.66,"Cole, Gerrit"
5,"[2016, 2017, 2018, 2019, 2020, 2021, 2022, 2023, 2024]",2019,8119,3785,0.5,"Cole, Gerrit"
5,"[2016, 2017, 2018, 2019, 2020, 2021, 2022, 2023, 2024]",2020,11904,1424,0.4,"Cole, Gerrit"
5,"[2016, 2017, 2018, 2019, 2020, 2021, 2022, 2023, 2024]",2021,13328,2919,0.653,"Cole, Gerrit"
5,"[2016, 2017, 2018, 2019, 2020, 2021, 2022, 2023, 2024]",2022,16247,3511,0.428,"Cole, Gerrit"
5,"[2016, 2017, 2018, 2019, 2020, 2021, 2022, 2023, 2024]",2023,19758,3186,0.651,"Cole, Gerrit"
5,"[2016, 2017, 2018, 2019, 2020, 2021, 2022, 2023, 2024]",2024,22944,1924,0.591,"Cole, Gerrit"
6,"[2016, 2017, 2018, 2019, 2020, 2021, 2022, 2023, 2024]",2023,19758,3186,0.417,"Cole, Gerrit"
6,"[2016, 2017, 2018, 2019, 2020, 2021, 2022, 2023, 2024]",2024,22944,1924,0.628,"Cole, Gerrit"
2,"[2016, 2017, 2018, 2019, 2020, 2021, 2022, 2023, 2024, 2025]",2017,2018,3022,0.264,"deGrom, Jacob"
2,"[2016, 2017, 2018, 2019, 2020, 2021, 2022, 2023, 2024, 2025]",2018,5040,3077,0.389,"deGrom, Jacob"
2,"[2016, 2017, 2018, 2019, 2020, 2021, 2022, 2023, 2024, 2025]",2019,8117,3064,0.384,"deGrom, Jacob"
2,"[2016, 2017, 2018, 2019, 2020, 2021, 2022, 2023, 2024, 2025]",2020,11181,1063,0.347,"deGrom, Jacob"
2,"[2016, 2017, 2018, 2019, 2020, 2021, 2022, 2023, 2024, 2025]",2021,12244,1149,0.274,"deGrom, Jacob"
2,"[2016, 2017, 2018, 2019, 2020, 2021, 2022, 2023, 2024, 2025]",2022,13393,980,0.199,"deGrom, Jacob"
2,"[2016, 2017, 2018, 2019, 2020, 2021, 2022, 2023, 2024, 2025]",2023,14373,378,0.173,"deGrom, Jacob"
2,"[2016, 2017, 2018, 2019, 2020, 2021, 2022, 2023, 2024, 2025]",2024,14751,111,0.232,"deGrom, Jacob"
2,"[2016, 2017, 2018, 2019, 2020, 2021, 2022, 2023, 2024, 2025]",2025,14862,2541,0.229,"deGrom, Jacob"
3,"[2016, 2017, 2018, 2019, 2020, 2021, 2022, 2023, 2024, 2025]",2017,2018,3022,0.415,"deGrom, Jacob"
3,"[2016, 2017, 2018, 2019, 2020, 2021, 2022, 2023, 2024, 2025]",2018,5040,3077,0.619,"deGrom, Jacob"
3,"[2016, 2017, 2018, 2019, 2020, 2021, 2022, 2023, 2024, 2025]",2019,8117,3064,0.587,"deGrom, Jacob"
3,"[2016, 2017, 2018, 2019, 2020, 2021, 2022, 2023, 2024, 2025]",2020,11181,1063,0.469,"deGrom, Jacob"
3,"[2016, 2017, 2018, 2019, 2020, 2021, 2022, 2023, 2024, 2025]",2021,12244,1149,0.705,"deGrom, Jacob"
3,"[2016, 2017, 2018, 2019, 2020, 2021, 2022, 2023, 2024, 2025]",2022,13393,980,0.804,"deGrom, Jacob"
3,"[2016, 2017, 2018, 2019, 2020, 2021, 2022, 2023, 2024, 2025]",2023,14373,378,0.932,"deGrom, Jacob"
3,"[2016, 2017, 2018, 2019, 2020, 2021, 2022, 2023, 2024, 2025]",2024,14751,111,0.811,"deGrom, Jacob"
3,"[2016, 2017, 2018, 2019, 2020, 2021, 2022, 2023, 2024, 2025]",2025,14862,2541,0.883,"deGrom, Jacob"
4,"[2016, 2017, 2018, 2019, 2020, 2021, 2022, 2023, 2024, 2025]",2017,2018,3022,0.27,"deGrom, Jacob"
4,"[2016, 2017, 2018, 2019, 2020, 2021, 2022, 2023, 2024, 2025]",2018,5040,3077,0.415,"deGrom, Jacob"
4,"[2016, 2017, 2018, 2019, 2020, 2021, 2022, 2023, 2024, 2025]",2019,8117,3064,0.331,"deGrom, Jacob"
4,"[2016, 2017, 2018, 2019, 2020, 2021, 2022, 2023, 2024, 2025]",2020,11181,1063,0.384,"deGrom, Jacob"
4,"[2016, 2017, 2018, 2019, 2020, 2021, 2022, 2023, 2024, 2025]",2021,12244,1149,0.622,"deGrom, Jacob"
4,"[2016, 2017, 2018, 2019, 2020, 2021, 2022, 2023, 2024, 2025]",2022,13393,980,0.285,"deGrom, Jacob"
4,"[2016, 2017, 2018, 2019, 2020, 2021, 2022, 2023, 2024, 2025]",2023,14373,378,0.25,"deGrom, Jacob"
4,"[2016, 2017, 2018, 2019, 2020, 2021, 2022, 2023, 2024, 2025]",2024,14751,111,0.233,"deGrom, Jacob"
4,"[2016, 2017, 2018, 2019, 2020, 2021, 2022, 2023, 2024, 2025]",2025,14862,2541,0.315,"deGrom, Jacob"
5,"[2016, 2017, 2018, 2019, 2020, 2021, 2022, 2023, 2024, 2025]",2017,2018,3022,0.37,"deGrom, Jacob"
5,"[2016, 2017, 2018, 2019, 2020, 2021, 2022, 2023, 2024, 2025]",2018,5040,3077,0.687,"deGrom, Jacob"
5,"[2016, 2017, 2018, 2019, 2020, 2021, 2022, 2023, 2024, 2025]",2019,8117,3064,0.314,"deGrom, Jacob"
5,"[2016, 2017, 2018, 2019, 2020, 2021, 2022, 2023, 2024, 2025]",2020,11181,1063,0.476,"deGrom, Jacob"
5,"[2016, 2017, 2018, 2019, 2020, 2021, 2022, 2023, 2024, 2025]",2021,12244,1149,0.559,"deGrom, Jacob"
5,"[2016, 2017, 2018, 2019, 2020, 2021, 2022, 2023, 2024, 2025]",2022,13393,980,0.286,"deGrom, Jacob"
5,"[2016, 2017, 2018, 2019, 2020, 2021, 2022, 2023, 2024, 2025]",2023,14373,378,0.272,"deGrom, Jacob"
5,"[2016, 2017, 2018, 2019, 2020, 2021, 2022, 2023, 2024, 2025]",2024,14751,111,0.194,"deGrom, Jacob"
5,"[2016, 2017, 2018, 2019, 2020, 2021, 2022, 2023, 2024, 2025]",2025,14862,2541,0.462,"deGrom, Jacob"
2,"[2016, 2017, 2018, 2019, 2020, 2021, 2022, 2023, 2024, 2025]",2017,2788,3199,0.633,"Gausman, Kevin"
2,"[2016, 2017, 2018, 2019, 2020, 2021, 2022, 2023, 2024, 2025]",2018,5987,2973,0.631,"Gausman, Kevin"
2,"[2016, 2017, 2018, 2019, 2020, 2021, 2022, 2023, 2024, 2025]",2019,8960,1550,0.867,"Gausman, Kevin"
2,"[2016, 2017, 2018, 2019, 2020, 2021, 2022, 2023, 2024, 2025]",2020,10510,913,0.617,"Gausman, Kevin"
2,"[2016, 2017, 2018, 2019, 2020, 2021, 2022, 2023, 2024, 2025]",2021,11423,2981,0.782,"Gausman, Kevin"
2,"[2016, 2017, 2018, 2019, 2020, 2021, 2022, 2023, 2024, 2025]",2022,14404,2797,0.035,"Gausman, Kevin"
2,"[2016, 2017, 2018, 2019, 2020, 2021, 2022, 2023, 2024, 2025]",2023,17201,3019,0.811,"Gausman, Kevin"
2,"[2016, 2017, 2018, 2019, 2020, 2021, 2022, 2023, 2024, 2025]",2024,20220,2797,0.71,"Gausman, Kevin"
2,"[2016, 2017, 2018, 2019, 2020, 2021, 2022, 2023, 2024, 2025]",2025,23017,3369,0.814,"Gausman, Kevin"
3,"[2016, 2017, 2018, 2019, 2020, 2021, 2022, 2023, 2024, 2025]",2017,2788,3199,0.731,"Gausman, Kevin"
3,"[2016, 2017, 2018, 2019, 2020, 2021, 2022, 2023, 2024, 2025]",2018,5987,2973,0.913,"Gausman, Kevin"
3,"[2016, 2017, 2018, 2019, 2020, 2021, 2022, 2023, 2024, 2025]",2019,8960,1550,0.886,"Gausman, Kevin"
3,"[2016, 2017, 2018, 2019, 2020, 2021, 2022, 2023, 2024, 2025]",2020,10510,913,0.695,"Gausman, Kevin"
3,"[2016, 2017, 2018, 2019, 2020, 2021, 2022, 2023, 2024, 2025]",2021,11423,2981,0.873,"Gausman, Kevin"
3,"[2016, 2017, 2018, 2019, 2020, 2021, 2022, 2023, 2024, 2025]",2022,14404,2797,0.048,"Gausman, Kevin"
3,"[2016, 2017, 2018, 2019, 2020, 2021, 2022, 2023, 2024, 2025]",2023,17201,3019,0.84,"Gausman, Kevin"
3,"[2016, 2017, 2018, 2019, 2020, 2021, 2022, 2023, 2024, 2025]",2024,20220,2797,0.754,"Gausman, Kevin"
3,"[2016, 2017, 2018, 2019, 2020, 2021, 2022, 2023, 2024, 2025]",2025,23017,3369,0.893,"Gausman, Kevin"
4,"[2016, 2017, 2018, 2019, 2020, 2021, 2022, 2023, 2024, 2025]",2017,2788,3199,0.369,"Gausman, Kevin"
4,"[2016, 2017, 2018, 2019, 2020, 2021, 2022, 2023, 2024, 2025]",2018,5987,2973,0.774,"Gausman, Kevin"
4,"[2016, 2017, 2018, 2019, 2020, 2021, 2022, 2023, 2024, 2025]",2019,8960,1550,0.851,"Gausman, Kevin"
4,"[2016, 2017, 2018, 2019, 2020, 2021, 2022, 2023, 2024, 2025]",2020,10510,913,0.702,"Gausman, Kevin"
4,"[2016, 2017, 2018, 2019, 2020, 2021, 2022, 2023, 2024, 2025]",2021,11423,2981,0.881,"Gausman, Kevin"
4,"[2016, 2017, 2018, 2019, 2020, 2021, 2022, 2023, 2024, 2025]",2022,14404,2797,0.788,"Gausman, Kevin"
4,"[2016, 2017, 2018, 2019, 2020, 2021, 2022, 2023, 2024, 2025]",2023,17201,3019,0.852,"Gausman, Kevin"
4,"[2016, 2017, 2018, 2019, 2020, 2021, 2022, 2023, 2024, 2025]",2024,20220,2797,0.761,"Gausman, Kevin"
4,"[2016, 2017, 2018, 2019, 2020, 2021, 2022, 2023, 2024, 2025]",2025,23017,3369,0.2,"Gausman, Kevin"
5,"[2016, 2017, 2018, 2019, 2020, 2021, 2022, 2023, 2024, 2025]",2017,2788,3199,0.398,"Gausman, Kevin"
5,"[2016, 2017, 2018, 2019, 2020, 2021, 2022, 2023, 2024, 2025]",2018,5987,2973,0.824,"Gausman, Kevin"
5,"[2016, 2017, 2018, 2019, 2020, 2021, 2022, 2023, 2024, 2025]",2019,8960,1550,0.829,"Gausman, Kevin"
5,"[2016, 2017, 2018, 2019, 2020, 2021, 2022, 2023, 2024, 2025]",2020,10510,913,0.707,"Gausman, Kevin"
5,"[2016, 2017, 2018, 2019, 2020, 2021, 2022, 2023, 2024, 2025]",2021,11423,2981,0.883,"Gausman, Kevin"
5,"[2016, 2017, 2018, 2019, 2020, 2021, 2022, 2023, 2024, 2025]",2022,14404,2797,0.669,"Gausman, Kevin"
5,"[2016, 2017, 2018, 2019, 2020, 2021, 2022, 2023, 2024, 2025]",2023,17201,3019,0.796,"Gausman, Kevin"
5,"[2016, 2017, 2018, 2019, 2020, 2021, 2022, 2023, 2024, 2025]",2024,20220,2797,0.572,"Gausman, Kevin"
5,"[2016, 2017, 2018, 2019, 2020, 2021, 2022, 2023, 2024, 2025]",2025,23017,3369,0.206,"Gausman, Kevin"
2,"[2016, 2017, 2018, 2019, 2020, 2021, 2022, 2023, 2024, 2025]",2017,1932,2555,0.605,"Manaea, Sean"
2,"[2016, 2017, 2018, 2019, 2020, 2021, 2022, 2023, 2024, 2025]",2018,4487,2227,0.773,"Manaea, Sean"
2,"[2016, 2017, 2018, 2019, 2020, 2021, 2022, 2023, 2024, 2025]",2019,6714,407,0.764,"Manaea, Sean"
2,"[2016, 2017, 2018, 2019, 2020, 2021, 2022, 2023, 2024, 2025]",2020,7121,817,0.553,"Manaea, Sean"
2,"[2016, 2017, 2018, 2019, 2020, 2021, 2022, 2023, 2024, 2025]",2021,7938,2869,0.642,"Manaea, Sean"
2,"[2016, 2017, 2018, 2019, 2020, 2021, 2022, 2023, 2024, 2025]",2022,10807,2424,0.237,"Manaea, Sean"
2,"[2016, 2017, 2018, 2019, 2020, 2021, 2022, 2023, 2024, 2025]",2023,13231,1986,0.455,"Manaea, Sean"
2,"[2016, 2017, 2018, 2019, 2020, 2021, 2022, 2023, 2024, 2025]",2024,15217,3151,0.311,"Manaea, Sean"
2,"[2016, 2017, 2018, 2019, 2020, 2021, 2022, 2023, 2024, 2025]",2025,18368,1030,0.864,"Manaea, Sean"
3,"[2016, 2017, 2018, 2019, 2020, 2021, 2022, 2023, 2024, 2025]",2017,1932,2555,0.886,"Manaea, Sean"
3,"[2016, 2017, 2018, 2019, 2020, 2021, 2022, 2023, 2024, 2025]",2018,4487,2227,0.935,"Manaea, Sean"
3,"[2016, 2017, 2018, 2019, 2020, 2021, 2022, 2023, 2024, 2025]",2019,6714,407,0.83,"Manaea, Sean"
3,"[2016, 2017, 2018, 2019, 2020, 2021, 2022, 2023, 2024, 2025]",2020,7121,817,0.805,"Manaea, Sean"
3,"[2016, 2017, 2018, 2019, 2020, 2021, 2022, 2023, 2024, 2025]",2021,7938,2869,0.749,"Manaea, Sean"
3,"[2016, 2017, 2018, 2019, 2020, 2021, 2022, 2023, 2024, 2025]",2022,10807,2424,0.434,"Manaea, Sean"
3,"[2016, 2017, 2018, 2019, 2020, 2021, 2022, 2023, 2024, 2025]",2023,13231,1986,0.576,"Manaea, Sean"
3,"[2016, 2017, 2018, 2019, 2020, 2021, 2022, 2023, 2024, 2025]",2024,15217,3151,0.343,"Manaea, Sean"
3,"[2016, 2017, 2018, 2019, 2020, 2021, 2022, 2023, 2024, 2025]",2025,18368,1030,0.91,"Manaea, Sean"
4,"[2016, 2017, 2018, 2019, 2020, 2021, 2022, 2023, 2024, 2025]",2018,4487,2227,0.749,"Manaea, Sean"
4,"[2016, 2017, 2018, 2019, 2020, 2021, 2022, 2023, 2024, 2025]",2019,6714,407,0.552,"Manaea, Sean"
4,"[2016, 2017, 2018, 2019, 2020, 2021, 2022, 2023, 2024, 2025]",2020,7121,817,0.679,"Manaea, Sean"
4,"[2016, 2017, 2018, 2019, 2020, 2021, 2022, 2023, 2024, 2025]",2021,7938,2869,0.807,"Manaea, Sean"
4,"[2016, 2017, 2018, 2019, 2020, 2021, 2022, 2023, 2024, 2025]",2022,10807,2424,0.557,"Manaea, Sean"
4,"[2016, 2017, 2018, 2019, 2020, 2021, 2022, 2023, 2024, 2025]",2023,13231,1986,0.363,"Manaea, Sean"
4,"[2016, 2017, 2018, 2019, 2020, 2021, 2022, 2023, 2024, 2025]",2024,15217,3151,0.498,"Manaea, Sean"
4,"[2016, 2017, 2018, 2019, 2020, 2021, 2022, 2023, 2024, 2025]",2025,18368,1030,0.886,"Manaea, Sean"
5,"[2016, 2017, 2018, 2019, 2020, 2021, 2022, 2023, 2024, 2025]",2021,7938,2869,0.593,"Manaea, Sean"
5,"[2016, 2017, 2018, 2019, 2020, 2021, 2022, 2023, 2024, 2025]",2022,10807,2424,0.417,"Manaea, Sean"
5,"[2016, 2017, 2018, 2019, 2020, 2021, 2022, 2023, 2024, 2025]",2023,13231,1986,0.645,"Manaea, Sean"
5,"[2016, 2017, 2018, 2019, 2020, 2021, 2022, 2023, 2024, 2025]",2024,15217,3151,0.54,"Manaea, Sean"
5,"[2016, 2017, 2018, 2019, 2020, 2021, 2022, 2023, 2024, 2025]",2025,18368,1030,0.89,"Manaea, Sean"
6,"[2016, 2017, 2018, 2019, 2020, 2021, 2022, 2023, 2024, 2025]",2021,7938,2869,0.645,"Manaea, Sean"
6,"[2016, 2017, 2018, 2019, 2020, 2021, 2022, 2023, 2024, 2025]",2022,10807,2424,0.485,"Manaea, Sean"
6,"[2016, 2017, 2018, 2019, 2020, 2021, 2022, 2023, 2024, 2025]",2023,13231,1986,0.623,"Manaea, Sean"
6,"[2016, 2017, 2018, 2019, 2020, 2021, 2022, 2023, 2024, 2025]",2024,15217,3151,0.405,"Manaea, Sean"
6,"[2016, 2017, 2018, 2019, 2020, 2021, 2022, 2023, 2024, 2025]",2025,18368,1030,0.884,"Manaea, Sean"
2,"[2016, 2017, 2018, 2019, 2020, 2021, 2022, 2023, 2024, 2025]",2017,1533,3128,0.45,"Darvish, Yu"
2,"[2016, 2017, 2018, 2019, 2020, 2021, 2022, 2023, 2024, 2025]",2018,4661,614,0.39,"Darvish, Yu"
2,"[2016, 2017, 2018, 2019, 2020, 2021, 2022, 2023, 2024, 2025]",2019,5275,2450,0.349,"Darvish, Yu"
2,"[2016, 2017, 2018, 2019, 2020, 2021, 2022, 2023, 2024, 2025]",2020,7725,1171,0.193,"Darvish, Yu"
2,"[2016, 2017, 2018, 2019, 2020, 2021, 2022, 2023, 2024, 2025]",2021,8896,2674,0.34,"Darvish, Yu"
2,"[2016, 2017, 2018, 2019, 2020, 2021, 2022, 2023, 2024, 2025]",2022,11570,3263,0.337,"Darvish, Yu"
2,"[2016, 2017, 2018, 2019, 2020, 2021, 2022, 2023, 2024, 2025]",2023,14833,2122,0.288,"Darvish, Yu"
2,"[2016, 2017, 2018, 2019, 2020, 2021, 2022, 2023, 2024, 2025]",2024,16955,1346,0.277,"Darvish, Yu"
2,"[2016, 2017, 2018, 2019, 2020, 2021, 2022, 2023, 2024, 2025]",2025,18301,1114,0.258,"Darvish, Yu"
3,"[2016, 2017, 2018, 2019, 2020, 2021, 2022, 2023, 2024, 2025]",2017,1533,3128,0.405,"Darvish, Yu"
3,"[2016, 2017, 2018, 2019, 2020, 2021, 2022, 2023, 2024, 2025]",2018,4661,614,0.352,"Darvish, Yu"
3,"[2016, 2017, 2018, 2019, 2020, 2021, 2022, 2023, 2024, 2025]",2019,5275,2450,0.305,"Darvish, Yu"
3,"[2016, 2017, 2018, 2019, 2020, 2021, 2022, 2023, 2024, 2025]",2020,7725,1171,0.149,"Darvish, Yu"
3,"[2016, 2017, 2018, 2019, 2020, 2021, 2022, 2023, 2024, 2025]",2021,8896,2674,0.373,"Darvish, Yu"
3,"[2016, 2017, 2018, 2019, 2020, 2021, 2022, 2023, 2024, 2025]",2022,11570,3263,0.261,"Darvish, Yu"
3,"[2016, 2017, 2018, 2019, 2020, 2021, 2022, 2023, 2024, 2025]",2023,14833,2122,0.281,"Darvish, Yu"
3,"[2016, 2017, 2018, 2019, 2020, 2021, 2022, 2023, 2024, 2025]",2024,16955,1346,0.29,"Darvish, Yu"
3,"[2016, 2017, 2018, 2019, 2020, 2021, 2022, 2023, 2024, 2025]",2025,18301,1114,0.253,"Darvish, Yu"
4,"[2016, 2017, 2018, 2019, 2020, 2021, 2022, 2023, 2024, 2025]",2017,1533,3128,0.414,"Darvish, Yu"
4,"[2016, 2017, 2018, 2019, 2020, 2021, 2022, 2023, 2024, 2025]",2018,4661,614,0.529,"Darvish, Yu"
4,"[2016, 2017, 2018, 2019, 2020, 2021, 2022, 2023, 2024, 2025]",2019,5275,2450,0.395,"Darvish, Yu"
4,"[2016, 2017, 2018, 2019, 2020, 2021, 2022, 2023, 2024, 2025]",2020,7725,1171,0.313,"Darvish, Yu"
4,"[2016, 2017, 2018, 2019, 2020, 2021, 2022, 2023, 2024, 2025]",2021,8896,2674,0.413,"Darvish, Yu"
4,"[2016, 2017, 2018, 2019, 2020, 2021, 2022, 2023, 2024, 2025]",2022,11570,3263,0.317,"Darvish, Yu"
4,"[2016, 2017, 2018, 2019, 2020, 2021, 2022, 2023, 2024, 2025]",2023,14833,2122,0.331,"Darvish, Yu"
4,"[2016, 2017, 2018, 2019, 2020, 2021, 2022, 2023, 2024, 2025]",2024,16955,1346,0.321,"Darvish, Yu"
4,"[2016, 2017, 2018, 2019, 2020, 2021, 2022, 2023, 2024, 2025]",2025,18301,1114,0.255,"Darvish, Yu"
5,"[2016, 2017, 2018, 2019, 2020, 2021, 2022, 2023, 2024, 2025]",2017,1533,3128,0.387,"Darvish, Yu"
5,"[2016, 2017, 2018, 2019, 2020, 2021, 2022, 2023, 2024, 2025]",2018,4661,614,0.428,"Darvish, Yu"
5,"[2016, 2017, 2018, 2019, 2020, 2021, 2022, 2023, 2024, 2025]",2019,5275,2450,0.389,"Darvish, Yu"
5,"[2016, 2017, 2018, 2019, 2020, 2021, 2022, 2023, 2024, 2025]",2020,7725,1171,0.247,"Darvish, Yu"
5,"[2016, 2017, 2018, 2019, 2020, 2021, 2022, 2023, 2024, 2025]",2021,8896,2674,0.364,"Darvish, Yu"
5,"[2016, 2017, 2018, 2019, 2020, 2021, 2022, 2023, 2024, 2025]",2022,11570,3263,0.254,"Darvish, Yu"
5,"[2016, 2017, 2018, 2019, 2020, 2021, 2022, 2023, 2024, 2025]",2023,14833,2122,0.37,"Darvish, Yu"
5,"[2016, 2017, 2018, 2019, 2020, 2021, 2022, 2023, 2024, 2025]",2024,16955,1346,0.357,"Darvish, Yu"
5,"[2016, 2017, 2018, 2019, 2020, 2021, 2022, 2023, 2024, 2025]",2025,18301,1114,0.354,"Darvish, Yu"
6,"[2016, 2017, 2018, 2019, 2020, 2021, 2022, 2023, 2024, 2025]",2017,1533,3128,0.387,"Darvish, Yu"
6,"[2016, 2017, 2018, 2019, 2020, 2021, 2022, 2023, 2024, 2025]",2018,4661,614,0.368,"Darvish, Yu"
6,"[2016, 2017, 2018, 2019, 2020, 2021, 2022, 2023, 2024, 2025]",2019,5275,2450,0.393,"Darvish, Yu"
6,"[2016, 2017, 2018, 2019, 2020, 2021, 2022, 2023, 2024, 2025]",2020,7725,1171,0.214,"Darvish, Yu"
6,"[2016, 2017, 2018, 2019, 2020, 2021, 2022, 2023, 2024, 2025]",2021,8896,2674,0.402,"Darvish, Yu"
6,"[2016, 2017, 2018, 2019, 2020, 2021, 2022, 2023, 2024, 2025]",2022,11570,3263,0.319,"Darvish, Yu"
6,"[2016, 2017, 2018, 2019, 2020, 2021, 2022, 2023, 2024, 2025]",2023,14833,2122,0.37,"Darvish, Yu"
6,"[2016, 2017, 2018, 2019, 2020, 2021, 2022, 2023, 2024, 2025]",2024,16955,1346,0.386,"Darvish, Yu"
6,"[2016, 2017, 2018, 2019, 2020, 2021, 2022, 2023, 2024, 2025]",2025,18301,1114,0.384,"Darvish, Yu"
7,"[2016, 2017, 2018, 2019, 2020, 2021, 2022, 2023, 2024, 2025]",2017,1533,3128,0.348,"Darvish, Yu"
7,"[2016, 2017, 2018, 2019, 2020, 2021, 2022, 2023, 2024, 2025]",2018,4661,614,0.469,"Darvish, Yu"
7,"[2016, 2017, 2018, 2019, 2020, 2021, 2022, 2023, 2024, 2025]",2019,5275,2450,0.386,"Darvish, Yu"
7,"[2016, 2017, 2018, 2019, 2020, 2021, 2022, 2023, 2024, 2025]",2020,7725,1171,0.207,"Darvish, Yu"
7,"[2016, 2017, 2018, 2019, 2020, 2021, 2022, 2023, 2024, 2025]",2021,8896,2674,0.376,"Darvish, Yu"
7,"[2016, 2017, 2018, 2019, 2020, 2021, 2022, 2023, 2024, 2025]",2022,11570,3263,0.272,"Darvish, Yu"
7,"[2016, 2017, 2018, 2019, 2020, 2021, 2022, 2023, 2024, 2025]",2023,14833,2122,0.369,"Darvish, Yu"
7,"[2016, 2017, 2018, 2019, 2020, 2021, 2022, 2023, 2024, 2025]",2024,16955,1346,0.382,"Darvish, Yu"
7,"[2016, 2017, 2018, 2019, 2020, 2021, 2022, 2023, 2024, 2025]",2025,18301,1114,0.384,"Darvish, Yu"
9,"[2016, 2017, 2018, 2019, 2020, 2021, 2022, 2023, 2024, 2025]",2018,4661,614,0.419,"Darvish, Yu"
9,"[2016, 2017, 2018, 2019, 2020, 2021, 2022, 2023, 2024, 2025]",2019,5275,2450,0.352,"Darvish, Yu"
9,"[2016, 2017, 2018, 2019, 2020, 2021, 2022, 2023, 2024, 2025]",2020,7725,1171,0.246,"Darvish, Yu"
9,"[2016, 2017, 2018, 2019, 2020, 2021, 2022, 2023, 2024, 2025]",2021,8896,2674,0.421,"Darvish, Yu"
9,"[2016, 2017, 2018, 2019, 2020, 2021, 2022, 2023, 2024, 2025]",2022,11570,3263,0.257,"Darvish, Yu"
9,"[2016, 2017, 2018, 2019, 2020, 2021, 2022, 2023, 2024, 2025]",2023,14833,2122,0.367,"Darvish, Yu"
9,"[2016, 2017, 2018, 2019, 2020, 2021, 2022, 2023, 2024, 2025]",2024,16955,1346,0.452,"Darvish, Yu"
9,"[2016, 2017, 2018, 2019, 2020, 2021, 2022, 2023, 2024, 2025]",2025,18301,1114,0.348,"Darvish, Yu"
2,"[2016, 2017, 2018, 2019, 2020, 2021, 2022, 2023, 2024, 2025]",2017,1658,1315,0.209,"Anderson, Tyler"
2,"[2016, 2017, 2018, 2019, 2020, 2021, 2022, 2023, 2024, 2025]",2018,2973,2860,0.362,"Anderson, Tyler"
2,"[2016, 2017, 2018, 2019, 2020, 2021, 2022, 2023, 2024, 2025]",2019,5833,343,0.488,"Anderson, Tyler"
2,"[2016, 2017, 2018, 2019, 2020, 2021, 2022, 2023, 2024, 2025]",2020,6176,909,0.293,"Anderson, Tyler"
2,"[2016, 2017, 2018, 2019, 2020, 2021, 2022, 2023, 2024, 2025]",2021,7085,2509,0.24,"Anderson, Tyler"
2,"[2016, 2017, 2018, 2019, 2020, 2021, 2022, 2023, 2024, 2025]",2022,9594,2602,0.511,"Anderson, Tyler"
2,"[2016, 2017, 2018, 2019, 2020, 2021, 2022, 2023, 2024, 2025]",2023,12196,2334,0.532,"Anderson, Tyler"
2,"[2016, 2017, 2018, 2019, 2020, 2021, 2022, 2023, 2024, 2025]",2024,14530,2830,0.565,"Anderson, Tyler"
2,"[2016, 2017, 2018, 2019, 2020, 2021, 2022, 2023, 2024, 2025]",2025,17360,2248,0.516,"Anderson, Tyler"
3,"[2016, 2017, 2018, 2019, 2020, 2021, 2022, 2023, 2024, 2025]",2017,1658,1315,0.651,"Anderson, Tyler"
3,"[2016, 2017, 2018, 2019, 2020, 2021, 2022, 2023, 2024, 2025]",2018,2973,2860,0.745,"Anderson, Tyler"
3,"[2016, 2017, 2018, 2019, 2020, 2021, 2022, 2023, 2024, 2025]",2019,5833,343,0.891,"Anderson, Tyler"
3,"[2016, 2017, 2018, 2019, 2020, 2021, 2022, 2023, 2024, 2025]",2020,6176,909,0.66,"Anderson, Tyler"
3,"[2016, 2017, 2018, 2019, 2020, 2021, 2022, 2023, 2024, 2025]",2021,7085,2509,0.225,"Anderson, Tyler"
3,"[2016, 2017, 2018, 2019, 2020, 2021, 2022, 2023, 2024, 2025]",2022,9594,2602,0.721,"Anderson, Tyler"
3,"[2016, 2017, 2018, 2019, 2020, 2021, 2022, 2023, 2024, 2025]",2023,12196,2334,0.657,"Anderson, Tyler"
3,"[2016, 2017, 2018, 2019, 2020, 2021, 2022, 2023, 2024, 2025]",2024,14530,2830,0.687,"Anderson, Tyler"
3,"[2016, 2017, 2018, 2019, 2020, 2021, 2022, 2023, 2024, 2025]",2025,17360,2248,0.61,"Anderson, Tyler"
4,"[2016, 2017, 2018, 2019, 2020, 2021, 2022, 2023, 2024, 2025]",2017,1658,1315,0.557,"Anderson, Tyler"
4,"[2016, 2017, 2018, 2019, 2020, 2021, 2022, 2023, 2024, 2025]",2018,2973,2860,0.693,"Anderson, Tyler"
4,"[2016, 2017, 2018, 2019, 2020, 2021, 2022, 2023, 2024, 2025]",2019,5833,343,0.913,"Anderson, Tyler"
4,"[2016, 2017, 2018, 2019, 2020, 2021, 2022, 2023, 2024, 2025]",2020,6176,909,0.468,"Anderson, Tyler"
4,"[2016, 2017, 2018, 2019, 2020, 2021, 2022, 2023, 2024, 2025]",2021,7085,2509,0.438,"Anderson, Tyler"
4,"[2016, 2017, 2018, 2019, 2020, 2021, 2022, 2023, 2024, 2025]",2022,9594,2602,0.749,"Anderson, Tyler"
4,"[2016, 2017, 2018, 2019, 2020, 2021, 2022, 2023, 2024, 2025]",2023,12196,2334,0.686,"Anderson, Tyler"
4,"[2016, 2017, 2018, 2019, 2020, 2021, 2022, 2023, 2024, 2025]",2024,14530,2830,0.694,"Anderson, Tyler"
4,"[2016, 2017, 2018, 2019, 2020, 2021, 2022, 2023, 2024, 2025]",2025,17360,2248,0.545,"Anderson, Tyler"
5,"[2016, 2017, 2018, 2019, 2020, 2021, 2022, 2023, 2024, 2025]",2018,2973,2860,0.604,"Anderson, Tyler"
5,"[2016, 2017, 2018, 2019, 2020, 2021, 2022, 2023, 2024, 2025]",2019,5833,343,0.649,"Anderson, Tyler"
5,"[2016, 2017, 2018, 2019, 2020, 2021, 2022, 2023, 2024, 2025]",2020,6176,909,0.52,"Anderson, Tyler"
5,"[2016, 2017, 2018, 2019, 2020, 2021, 2022, 2023, 2024, 2025]",2021,7085,2509,0.616,"Anderson, Tyler"
5,"[2016, 2017, 2018, 2019, 2020, 2021, 2022, 2023, 2024, 2025]",2022,9594,2602,0.827,"Anderson, Tyler"
5,"[2016, 2017, 2018, 2019, 2020, 2021, 2022, 2023, 2024, 2025]",2023,12196,2334,0.729,"Anderson, Tyler"
5,"[2016, 2017, 2018, 2019, 2020, 2021, 2022, 2023, 2024, 2025]",2024,14530,2830,0.63,"Anderson, Tyler"
5,"[2016, 2017, 2018, 2019, 2020, 2021, 2022, 2023, 2024, 2025]",2025,17360,2248,0.634,"Anderson, Tyler"
6,"[2016, 2017, 2018, 2019, 2020, 2021, 2022, 2023, 2024, 2025]",2022,9594,2602,0.862,"Anderson, Tyler"
6,"[2016, 2017, 2018, 2019, 2020, 2021, 2022, 2023, 2024, 2025]",2023,12196,2334,0.654,"Anderson, Tyler"
6,"[2016, 2017, 2018, 2019, 2020, 2021, 2022, 2023, 2024, 2025]",2024,14530,2830,0.613,"Anderson, Tyler"
6,"[2016, 2017, 2018, 2019, 2020, 2021, 2022, 2023, 2024, 2025]",2025,17360,2248,0.565,"Anderson, Tyler"
2,"[2016, 2017, 2018, 2019, 2020, 2021, 2022, 2023, 2024, 2025]",2017,900,1543,0.185,"Lugo, Seth"
2,"[2016, 2017, 2018, 2019, 2020, 2021, 2022, 2023, 2024, 2025]",2018,2443,1589,0.393,"Lugo, Seth"
2,"[2016, 2017, 2018, 2019, 2020, 2021, 2022, 2023, 2024, 2025]",2019,4032,1259,0.313,"Lugo, Seth"
2,"[2016, 2017, 2018, 2019, 2020, 2021, 2022, 2023, 2024, 2025]",2020,5291,580,0.24,"Lugo, Seth"
2,"[2016, 2017, 2018, 2019, 2020, 2021, 2022, 2023, 2024, 2025]",2021,5871,700,0.37,"Lugo, Seth"
2,"[2016, 2017, 2018, 2019, 2020, 2021, 2022, 2023, 2024, 2025]",2022,6571,1102,0.466,"Lugo, Seth"
2,"[2016, 2017, 2018, 2019, 2020, 2021, 2022, 2023, 2024, 2025]",2023,7673,2265,0.401,"Lugo, Seth"
2,"[2016, 2017, 2018, 2019, 2020, 2021, 2022, 2023, 2024, 2025]",2024,9938,3194,0.225,"Lugo, Seth"
2,"[2016, 2017, 2018, 2019, 2020, 2021, 2022, 2023, 2024, 2025]",2025,13132,2294,0.259,"Lugo, Seth"
3,"[2016, 2017, 2018, 2019, 2020, 2021, 2022, 2023, 2024, 2025]",2017,900,1543,0.216,"Lugo, Seth"
3,"[2016, 2017, 2018, 2019, 2020, 2021, 2022, 2023, 2024, 2025]",2018,2443,1589,0.399,"Lugo, Seth"
3,"[2016, 2017, 2018, 2019, 2020, 2021, 2022, 2023, 2024, 2025]",2019,4032,1259,0.315,"Lugo, Seth"
3,"[2016, 2017, 2018, 2019, 2020, 2021, 2022, 2023, 2024, 2025]",2020,5291,580,0.248,"Lugo, Seth"
3,"[2016, 2017, 2018, 2019, 2020, 2021, 2022, 2023, 2024, 2025]",2021,5871,700,0.375,"Lugo, Seth"
3,"[2016, 2017, 2018, 2019, 2020, 2021, 2022, 2023, 2024, 2025]",2022,6571,1102,0.467,"Lugo, Seth"
3,"[2016, 2017, 2018, 2019, 2020, 2021, 2022, 2023, 2024, 2025]",2023,7673,2265,0.427,"Lugo, Seth"
3,"[2016, 2017, 2018, 2019, 2020, 2021, 2022, 2023, 2024, 2025]",2024,9938,3194,0.244,"Lugo, Seth"
3,"[2016, 2017, 2018, 2019, 2020, 2021, 2022, 2023, 2024, 2025]",2025,13132,2294,0.269,"Lugo, Seth"
4,"[2016, 2017, 2018, 2019, 2020, 2021, 2022, 2023, 2024, 2025]",2017,900,1543,0.268,"Lugo, Seth"
4,"[2016, 2017, 2018, 2019, 2020, 2021, 2022, 2023, 2024, 2025]",2018,2443,1589,0.403,"Lugo, Seth"
4,"[2016, 2017, 2018, 2019, 2020, 2021, 2022, 2023, 2024, 2025]",2019,4032,1259,0.365,"Lugo, Seth"
4,"[2016, 2017, 2018, 2019, 2020, 2021, 2022, 2023, 2024, 2025]",2020,5291,580,0.242,"Lugo, Seth"
4,"[2016, 2017, 2018, 2019, 2020, 2021, 2022, 2023, 2024, 2025]",2021,5871,700,0.454,"Lugo, Seth"
4,"[2016, 2017, 2018, 2019, 2020, 2021, 2022, 2023, 2024, 2025]",2022,6571,1102,0.553,"Lugo, Seth"
4,"[2016, 2017, 2018, 2019, 2020, 2021, 2022, 2023, 2024, 2025]",2023,7673,2265,0.364,"Lugo, Seth"
4,"[2016, 2017, 2018, 2019, 2020, 2021, 2022, 2023, 2024, 2025]",2024,9938,3194,0.209,"Lugo, Seth"
4,"[2016, 2017, 2018, 2019, 2020, 2021, 2022, 2023, 2024, 2025]",2025,13132,2294,0.24,"Lugo, Seth"
5,"[2016, 2017, 2018, 2019, 2020, 2021, 2022, 2023, 2024, 2025]",2017,900,1543,0.219,"Lugo, Seth"
5,"[2016, 2017, 2018, 2019, 2020, 2021, 2022, 2023, 2024, 2025]",2018,2443,1589,0.418,"Lugo, Seth"
5,"[2016, 2017, 2018, 2019, 2020, 2021, 2022, 2023, 2024, 2025]",2019,4032,1259,0.39,"Lugo, Seth"
5,"[2016, 2017, 2018, 2019, 2020, 2021, 2022, 2023, 2024, 2025]",2020,5291,580,0.256,"Lugo, Seth"
5,"[2016, 2017, 2018, 2019, 2020, 2021, 2022, 2023, 2024, 2025]",2021,5871,700,0.496,"Lugo, Seth"
5,"[2016, 2017, 2018, 2019, 2020, 2021, 2022, 2023, 2024, 2025]",2022,6571,1102,0.467,"Lugo, Seth"
5,"[2016, 2017, 2018, 2019, 2020, 2021, 2022, 2023, 2024, 2025]",2023,7673,2265,0.354,"Lugo, Seth"
5,"[2016, 2017, 2018, 2019, 2020, 2021, 2022, 2023, 2024, 2025]",2024,9938,3194,0.194,"Lugo, Seth"
5,"[2016, 2017, 2018, 2019, 2020, 2021, 2022, 2023, 2024, 2025]",2025,13132,2294,0.246,"Lugo, Seth"
6,"[2016, 2017, 2018, 2019, 2020, 2021, 2022, 2023, 2024, 2025]",2018,2443,1589,0.41,"Lugo, Seth"
6,"[2016, 2017, 2018, 2019, 2020, 2021, 2022, 2023, 2024, 2025]",2019,4032,1259,0.4,"Lugo, Seth"
6,"[2016, 2017, 2018, 2019, 2020, 2021, 2022, 2023, 2024, 2025]",2020,5291,580,0.214,"Lugo, Seth"
6,"[2016, 2017, 2018, 2019, 2020, 2021, 2022, 2023, 2024, 2025]",2021,5871,700,0.476,"Lugo, Seth"
6,"[2016, 2017, 2018, 2019, 2020, 2021, 2022, 2023, 2024, 2025]",2022,6571,1102,0.487,"Lugo, Seth"
6,"[2016, 2017, 2018, 2019, 2020, 2021, 2022, 2023, 2024, 2025]",2023,7673,2265,0.396,"Lugo, Seth"
6,"[2016, 2017, 2018, 2019, 2020, 2021, 2022, 2023, 2024, 2025]",2024,9938,3194,0.256,"Lugo, Seth"
6,"[2016, 2017, 2018, 2019, 2020, 2021, 2022, 2023, 2024, 2025]",2025,13132,2294,0.324,"Lugo, Seth"
7,"[2016, 2017, 2018, 2019, 2020, 2021, 2022, 2023, 2024, 2025]",2024,9938,3194,0.23,"Lugo, Seth"
7,"[2016, 2017, 2018, 2019, 2020, 2021, 2022, 2023, 2024, 2025]",2025,13132,2294,0.304,"Lugo, Seth"
9,"[2016, 2017, 2018, 2019, 2020, 2021, 2022, 2023, 2024, 2025]",2024,9938,3194,0.268,"Lugo, Seth"
9,"[2016, 2017, 2018, 2019, 2020, 2021, 2022, 2023, 2024, 2025]",2025,13132,2294,0.287,"Lugo, Seth"
2,"[2016, 2017, 2018, 2019, 2020, 2021, 2022, 2023, 2024, 2025]",2017,277,1154,0.36,"Glasnow, Tyler"
2,"[2016, 2017, 2018, 2019, 2020, 2021, 2022, 2023, 2024, 2025]",2018,1431,1818,0.853,"Glasnow, Tyler"
2,"[2016, 2017, 2018, 2019, 2020, 2021, 2022, 2023, 2024, 2025]",2019,3249,941,0.892,"Glasnow, Tyler"
2,"[2016, 2017, 2018, 2019, 2020, 2021, 2022, 2023, 2024, 2025]",2020,4190,1408,0.874,"Glasnow, Tyler"
2,"[2016, 2017, 2018, 2019, 2020, 2021, 2022, 2023, 2024, 2025]",2021,5598,1259,0.733,"Glasnow, Tyler"
2,"[2016, 2017, 2018, 2019, 2020, 2021, 2022, 2023, 2024, 2025]",2022,6857,127,0.527,"Glasnow, Tyler"
2,"[2016, 2017, 2018, 2019, 2020, 2021, 2022, 2023, 2024, 2025]",2023,6984,1908,0.407,"Glasnow, Tyler"
2,"[2016, 2017, 2018, 2019, 2020, 2021, 2022, 2023, 2024, 2025]",2024,8892,1930,0.422,"Glasnow, Tyler"
2,"[2016, 2017, 2018, 2019, 2020, 2021, 2022, 2023, 2024, 2025]",2025,10822,1743,0.351,"Glasnow, Tyler"
3,"[2016, 2017, 2018, 2019, 2020, 2021, 2022, 2023, 2024, 2025]",2017,277,1154,0.358,"Glasnow, Tyler"
3,"[2016, 2017, 2018, 2019, 2020, 2021, 2022, 2023, 2024, 2025]",2018,1431,1818,0.729,"Glasnow, Tyler"
3,"[2016, 2017, 2018, 2019, 2020, 2021, 2022, 2023, 2024, 2025]",2019,3249,941,0.901,"Glasnow, Tyler"
3,"[2016, 2017, 2018, 2019, 2020, 2021, 2022, 2023, 2024, 2025]",2020,4190,1408,0.94,"Glasnow, Tyler"
3,"[2016, 2017, 2018, 2019, 2020, 2021, 2022, 2023, 2024, 2025]",2021,5598,1259,0.757,"Glasnow, Tyler"
3,"[2016, 2017, 2018, 2019, 2020, 2021, 2022, 2023, 2024, 2025]",2022,6857,127,0.506,"Glasnow, Tyler"
3,"[2016, 2017, 2018, 2019, 2020, 2021, 2022, 2023, 2024, 2025]",2023,6984,1908,0.452,"Glasnow, Tyler"
3,"[2016, 2017, 2018, 2019, 2020, 2021, 2022, 2023, 2024, 2025]",2024,8892,1930,0.402,"Glasnow, Tyler"
3,"[2016, 2017, 2018, 2019, 2020, 2021, 2022, 2023, 2024, 2025]",2025,10822,1743,0.367,"Glasnow, Tyler"
4,"[2016, 2017, 2018, 2019, 2020, 2021, 2022, 2023, 2024, 2025]",2018,1431,1818,0.846,"Glasnow, Tyler"
4,"[2016, 2017, 2018, 2019, 2020, 2021, 2022, 2023, 2024, 2025]",2019,3249,941,0.892,"Glasnow, Tyler"
4,"[2016, 2017, 2018, 2019, 2020, 2021, 2022, 2023, 2024, 2025]",2020,4190,1408,0.952,"Glasnow, Tyler"
4,"[2016, 2017, 2018, 2019, 2020, 2021, 2022, 2023, 2024, 2025]",2021,5598,1259,0.754,"Glasnow, Tyler"
4,"[2016, 2017, 2018, 2019, 2020, 2021, 2022, 2023, 2024, 2025]",2022,6857,127,0.539,"Glasnow, Tyler"
4,"[2016, 2017, 2018, 2019, 2020, 2021, 2022, 2023, 2024, 2025]",2023,6984,1908,0.463,"Glasnow, Tyler"
4,"[2016, 2017, 2018, 2019, 2020, 2021, 2022, 2023, 2024, 2025]",2024,8892,1930,0.531,"Glasnow, Tyler"
4,"[2016, 2017, 2018, 2019, 2020, 2021, 2022, 2023, 2024, 2025]",2025,10822,1743,0.446,"Glasnow, Tyler"
5,"[2016, 2017, 2018, 2019, 2020, 2021, 2022, 2023, 2024, 2025]",2019,3249,941,0.877,"Glasnow, Tyler"
5,"[2016, 2017, 2018, 2019, 2020, 2021, 2022, 2023, 2024, 2025]",2020,4190,1408,0.96,"Glasnow, Tyler"
5,"[2016, 2017, 2018, 2019, 2020, 2021, 2022, 2023, 2024, 2025]",2021,5598,1259,0.482,"Glasnow, Tyler"
5,"[2016, 2017, 2018, 2019, 2020, 2021, 2022, 2023, 2024, 2025]",2022,6857,127,0.322,"Glasnow, Tyler"
5,"[2016, 2017, 2018, 2019, 2020, 2021, 2022, 2023, 2024, 2025]",2023,6984,1908,0.332,"Glasnow, Tyler"
5,"[2016, 2017, 2018, 2019, 2020, 2021, 2022, 2023, 2024, 2025]",2024,8892,1930,0.412,"Glasnow, Tyler"
5,"[2016, 2017, 2018, 2019, 2020, 2021, 2022, 2023, 2024, 2025]",2025,10822,1743,0.514,"Glasnow, Tyler"
2,"[2017, 2018, 2019, 2020, 2021, 2022, 2023, 2024, 2025]",2018,1479,2797,0.296,"Wheeler, Zack"
2,"[2017, 2018, 2019, 2020, 2021, 2022, 2023, 2024, 2025]",2019,4276,3059,0.124,"Wheeler, Zack"
2,"[2017, 2018, 2019, 2020, 2021, 2022, 2023, 2024, 2025]",2020,7335,990,0.161,"Wheeler, Zack"
2,"[2017, 2018, 2019, 2020, 2021, 2022, 2023, 2024, 2025]",2021,8325,3102,0.177,"Wheeler, Zack"
2,"[2017, 2018, 2019, 2020, 2021, 2022, 2023, 2024, 2025]",2022,11427,2777,0.215,"Wheeler, Zack"
2,"[2017, 2018, 2019, 2020, 2021, 2022, 2023, 2024, 2025]",2023,14204,3453,0.368,"Wheeler, Zack"
2,"[2017, 2018, 2019, 2020, 2021, 2022, 2023, 2024, 2025]",2024,17657,3156,0.303,"Wheeler, Zack"
2,"[2017, 2018, 2019, 2020, 2021, 2022, 2023, 2024, 2025]",2025,20813,2296,0.034,"Wheeler, Zack"
3,"[2017, 2018, 2019, 2020, 2021, 2022, 2023, 2024, 2025]",2018,1479,2797,0.279,"Wheeler, Zack"
3,"[2017, 2018, 2019, 2020, 2021, 2022, 2023, 2024, 2025]",2019,4276,3059,0.264,"Wheeler, Zack"
3,"[2017, 2018, 2019, 2020, 2021, 2022, 2023, 2024, 2025]",2020,7335,990,0.301,"Wheeler, Zack"
3,"[2017, 2018, 2019, 2020, 2021, 2022, 2023, 2024, 2025]",2021,8325,3102,0.421,"Wheeler, Zack"
3,"[2017, 2018, 2019, 2020, 2021, 2022, 2023, 2024, 2025]",2022,11427,2777,0.217,"Wheeler, Zack"
3,"[2017, 2018, 2019, 2020, 2021, 2022, 2023, 2024, 2025]",2023,14204,3453,0.342,"Wheeler, Zack"
3,"[2017, 2018, 2019, 2020, 2021, 2022, 2023, 2024, 2025]",2024,17657,3156,0.289,"Wheeler, Zack"
3,"[2017, 2018, 2019, 2020, 2021, 2022, 2023, 2024, 2025]",2025,20813,2296,0.32,"Wheeler, Zack"
4,"[2017, 2018, 2019, 2020, 2021, 2022, 2023, 2024, 2025]",2018,1479,2797,0.29,"Wheeler, Zack"
4,"[2017, 2018, 2019, 2020, 2021, 2022, 2023, 2024, 2025]",2019,4276,3059,0.325,"Wheeler, Zack"
4,"[2017, 2018, 2019, 2020, 2021, 2022, 2023, 2024, 2025]",2020,7335,990,0.495,"Wheeler, Zack"
4,"[2017, 2018, 2019, 2020, 2021, 2022, 2023, 2024, 2025]",2021,8325,3102,0.401,"Wheeler, Zack"
4,"[2017, 2018, 2019, 2020, 2021, 2022, 2023, 2024, 2025]",2022,11427,2777,0.196,"Wheeler, Zack"
4,"[2017, 2018, 2019, 2020, 2021, 2022, 2023, 2024, 2025]",2023,14204,3453,0.335,"Wheeler, Zack"
4,"[2017, 2018, 2019, 2020, 2021, 2022, 2023, 2024, 2025]",2024,17657,3156,0.398,"Wheeler, Zack"
4,"[2017, 2018, 2019, 2020, 2021, 2022, 2023, 2024, 2025]",2025,20813,2296,0.329,"Wheeler, Zack"
5,"[2017, 2018, 2019, 2020, 2021, 2022, 2023, 2024, 2025]",2018,1479,2797,0.426,"Wheeler, Zack"
5,"[2017, 2018, 2019, 2020, 2021, 2022, 2023, 2024, 2025]",2019,4276,3059,0.4,"Wheeler, Zack"
5,"[2017, 2018, 2019, 2020, 2021, 2022, 2023, 2024, 2025]",2020,7335,990,0.337,"Wheeler, Zack"
5,"[2017, 2018, 2019, 2020, 2021, 2022, 2023, 2024, 2025]",2021,8325,3102,0.32,"Wheeler, Zack"
5,"[2017, 2018, 2019, 2020, 2021, 2022, 2023, 2024, 2025]",2022,11427,2777,0.21,"Wheeler, Zack"
5,"[2017, 2018, 2019, 2020, 2021, 2022, 2023, 2024, 2025]",2023,14204,3453,0.322,"Wheeler, Zack"
5,"[2017, 2018, 2019, 2020, 2021, 2022, 2023, 2024, 2025]",2024,17657,3156,0.419,"Wheeler, Zack"
5,"[2017, 2018, 2019, 2020, 2021, 2022, 2023, 2024, 2025]",2025,20813,2296,0.464,"Wheeler, Zack"
6,"[2017, 2018, 2019, 2020, 2021, 2022, 2023, 2024, 2025]",2019,4276,3059,0.34,"Wheeler, Zack"
6,"[2017, 2018, 2019, 2020, 2021, 2022, 2023, 2024, 2025]",2020,7335,990,0.342,"Wheeler, Zack"
6,"[2017, 2018, 2019, 2020, 2021, 2022, 2023, 2024, 2025]",2021,8325,3102,0.248,"Wheeler, Zack"
6,"[2017, 2018, 2019, 2020, 2021, 2022, 2023, 2024, 2025]",2022,11427,2777,0.188,"Wheeler, Zack"
6,"[2017, 2018, 2019, 2020, 2021, 2022, 2023, 2024, 2025]",2023,14204,3453,0.356,"Wheeler, Zack"
6,"[2017, 2018, 2019, 2020, 2021, 2022, 2023, 2024, 2025]",2024,17657,3156,0.416,"Wheeler, Zack"
6,"[2017, 2018, 2019, 2020, 2021, 2022, 2023, 2024, 2025]",2025,20813,2296,0.47,"Wheeler, Zack"
7,"[2017, 2018, 2019, 2020, 2021, 2022, 2023, 2024, 2025]",2024,17657,3156,0.415,"Wheeler, Zack"
7,"[2017, 2018, 2019, 2020, 2021, 2022, 2023, 2024, 2025]",2025,20813,2296,0.471,"Wheeler, Zack"
2,"[2017, 2018, 2019, 2020, 2021, 2022, 2024, 2025]",2018,165,2313,0.399,"Buehler, Walker"
2,"[2017, 2018, 2019, 2020, 2021, 2022, 2024, 2025]",2019,2478,2925,0.538,"Buehler, Walker"
2,"[2017, 2018, 2019, 2020, 2021, 2022, 2024, 2025]",2020,5403,994,0.437,"Buehler, Walker"
2,"[2017, 2018, 2019, 2020, 2021, 2022, 2024, 2025]",2021,6397,3380,0.363,"Buehler, Walker"
2,"[2017, 2018, 2019, 2020, 2021, 2022, 2024, 2025]",2022,9777,968,0.352,"Buehler, Walker"
2,"[2017, 2018, 2019, 2020, 2021, 2022, 2024, 2025]",2024,10745,1517,0.309,"Buehler, Walker"
2,"[2017, 2018, 2019, 2020, 2021, 2022, 2024, 2025]",2025,12262,2109,0.172,"Buehler, Walker"
3,"[2017, 2018, 2019, 2020, 2021, 2022, 2024, 2025]",2018,165,2313,0.486,"Buehler, Walker"
3,"[2017, 2018, 2019, 2020, 2021, 2022, 2024, 2025]",2019,2478,2925,0.409,"Buehler, Walker"
3,"[2017, 2018, 2019, 2020, 2021, 2022, 2024, 2025]",2020,5403,994,0.442,"Buehler, Walker"
3,"[2017, 2018, 2019, 2020, 2021, 2022, 2024, 2025]",2021,6397,3380,0.407,"Buehler, Walker"
3,"[2017, 2018, 2019, 2020, 2021, 2022, 2024, 2025]",2022,9777,968,0.352,"Buehler, Walker"
3,"[2017, 2018, 2019, 2020, 2021, 2022, 2024, 2025]",2024,10745,1517,0.283,"Buehler, Walker"
3,"[2017, 2018, 2019, 2020, 2021, 2022, 2024, 2025]",2025,12262,2109,0.154,"Buehler, Walker"
4,"[2017, 2018, 2019, 2020, 2021, 2022, 2024, 2025]",2018,165,2313,0.549,"Buehler, Walker"
4,"[2017, 2018, 2019, 2020, 2021, 2022, 2024, 2025]",2019,2478,2925,0.534,"Buehler, Walker"
4,"[2017, 2018, 2019, 2020, 2021, 2022, 2024, 2025]",2020,5403,994,0.486,"Buehler, Walker"
4,"[2017, 2018, 2019, 2020, 2021, 2022, 2024, 2025]",2021,6397,3380,0.396,"Buehler, Walker"
4,"[2017, 2018, 2019, 2020, 2021, 2022, 2024, 2025]",2022,9777,968,0.288,"Buehler, Walker"
4,"[2017, 2018, 2019, 2020, 2021, 2022, 2024, 2025]",2024,10745,1517,0.295,"Buehler, Walker"
4,"[2017, 2018, 2019, 2020, 2021, 2022, 2024, 2025]",2025,12262,2109,0.162,"Buehler, Walker"
5,"[2017, 2018, 2019, 2020, 2021, 2022, 2024, 2025]",2019,2478,2925,0.504,"Buehler, Walker"
5,"[2017, 2018, 2019, 2020, 2021, 2022, 2024, 2025]",2020,5403,994,0.41,"Buehler, Walker"
5,"[2017, 2018, 2019, 2020, 2021, 2022, 2024, 2025]",2021,6397,3380,0.359,"Buehler, Walker"
5,"[2017, 2018, 2019, 2020, 2021, 2022, 2024, 2025]",2022,9777,968,0.289,"Buehler, Walker"
5,"[2017, 2018, 2019, 2020, 2021, 2022, 2024, 2025]",2024,10745,1517,0.286,"Buehler, Walker"
5,"[2017, 2018, 2019, 2020, 2021, 2022, 2024, 2025]",2025,12262,2109,0.16,"Buehler, Walker"
6,"[2017, 2018, 2019, 2020, 2021, 2022, 2024, 2025]",2019,2478,2925,0.493,"Buehler, Walker"
6,"[2017, 2018, 2019, 2020, 2021, 2022, 2024, 2025]",2020,5403,994,0.514,"Buehler, Walker"
6,"[2017, 2018, 2019, 2020, 2021, 2022, 2024, 2025]",2021,6397,3380,0.391,"Buehler, Walker"
6,"[2017, 2018, 2019, 2020, 2021, 2022, 2024, 2025]",2022,9777,968,0.399,"Buehler, Walker"
6,"[2017, 2018, 2019, 2020, 2021, 2022, 2024, 2025]",2024,10745,1517,0.374,"Buehler, Walker"
6,"[2017, 2018, 2019, 2020, 2021, 2022, 2024, 2025]",2025,12262,2109,0.308,"Buehler, Walker"
7,"[2017, 2018, 2019, 2020, 2021, 2022, 2024, 2025]",2022,9777,968,0.391,"Buehler, Walker"
7,"[2017, 2018, 2019, 2020, 2021, 2022, 2024, 2025]",2024,10745,1517,0.371,"Buehler, Walker"
7,"[2017, 2018, 2019, 2020, 2021, 2022, 2024, 2025]",2025,12262,2109,0.287,"Buehler, Walker"
2,"[2018, 2019, 2021, 2022, 2023, 2024, 2025]",2019,2894,2877,0.268,"Mikolas, Miles"
2,"[2018, 2019, 2021, 2022, 2023, 2024, 2025]",2021,5771,650,0.209,"Mikolas, Miles"
2,"[2018, 2019, 2021, 2022, 2023, 2024, 2025]",2022,6421,3148,0.262,"Mikolas, Miles"
2,"[2018, 2019, 2021, 2022, 2023, 2024, 2025]",2023,9569,3094,0.229,"Mikolas, Miles"
2,"[2018, 2019, 2021, 2022, 2023, 2024, 2025]",2024,12663,2629,0.171,"Mikolas, Miles"
2,"[2018, 2019, 2021, 2022, 2023, 2024, 2025]",2025,15292,2400,0.219,"Mikolas, Miles"
3,"[2018, 2019, 2021, 2022, 2023, 2024, 2025]",2019,2894,2877,0.301,"Mikolas, Miles"
3,"[2018, 2019, 2021, 2022, 2023, 2024, 2025]",2021,5771,650,0.275,"Mikolas, Miles"
3,"[2018, 2019, 2021, 2022, 2023, 2024, 2025]",2022,6421,3148,0.298,"Mikolas, Miles"
3,"[2018, 2019, 2021, 2022, 2023, 2024, 2025]",2023,9569,3094,0.25,"Mikolas, Miles"
3,"[2018, 2019, 2021, 2022, 2023, 2024, 2025]",2024,12663,2629,0.173,"Mikolas, Miles"
3,"[2018, 2019, 2021, 2022, 2023, 2024, 2025]",2025,15292,2400,0.294,"Mikolas, Miles"
4,"[2018, 2019, 2021, 2022, 2023, 2024, 2025]",2019,2894,2877,0.331,"Mikolas, Miles"
4,"[2018, 2019, 2021, 2022, 2023, 2024, 2025]",2021,5771,650,0.315,"Mikolas, Miles"
4,"[2018, 2019, 2021, 2022, 2023, 2024, 2025]",2022,6421,3148,0.375,"Mikolas, Miles"
4,"[2018, 2019, 2021, 2022, 2023, 2024, 2025]",2023,9569,3094,0.29,"Mikolas, Miles"
4,"[2018, 2019, 2021, 2022, 2023, 2024, 2025]",2024,12663,2629,0.219,"Mikolas, Miles"
4,"[2018, 2019, 2021, 2022, 2023, 2024, 2025]",2025,15292,2400,0.364,"Mikolas, Miles"
5,"[2018, 2019, 2021, 2022, 2023, 2024, 2025]",2019,2894,2877,0.275,"Mikolas, Miles"
5,"[2018, 2019, 2021, 2022, 2023, 2024, 2025]",2021,5771,650,0.336,"Mikolas, Miles"
5,"[2018, 2019, 2021, 2022, 2023, 2024, 2025]",2022,6421,3148,0.315,"Mikolas, Miles"
5,"[2018, 2019, 2021, 2022, 2023, 2024, 2025]",2023,9569,3094,0.284,"Mikolas, Miles"
5,"[2018, 2019, 2021, 2022, 2023, 2024, 2025]",2024,12663,2629,0.218,"Mikolas, Miles"
5,"[2018, 2019, 2021, 2022, 2023, 2024, 2025]",2025,15292,2400,0.342,"Mikolas, Miles"
6,"[2018, 2019, 2021, 2022, 2023, 2024, 2025]",2022,6421,3148,0.406,"Mikolas, Miles"
6,"[2018, 2019, 2021, 2022, 2023, 2024, 2025]",2023,9569,3094,0.394,"Mikolas, Miles"
6,"[2018, 2019, 2021, 2022, 2023, 2024, 2025]",2024,12663,2629,0.202,"Mikolas, Miles"
6,"[2018, 2019, 2021, 2022, 2023, 2024, 2025]",2025,15292,2400,0.434,"Mikolas, Miles"
7,"[2018, 2019, 2021, 2022, 2023, 2024, 2025]",2025,15292,2400,0.402,"Mikolas, Miles"
2,"[2018, 2019, 2020, 2021, 2022, 2023, 2024]",2019,237,512,0.903,"Almonte, Yency"
2,"[2018, 2019, 2020, 2021, 2022, 2023, 2024]",2020,749,418,0.679,"Almonte, Yency"
2,"[2018, 2019, 2020, 2021, 2022, 2023, 2024]",2021,1167,856,0.568,"Almonte, Yency"
2,"[2018, 2019, 2020, 2021, 2022, 2023, 2024]",2022,2023,480,0.709,"Almonte, Yency"
2,"[2018, 2019, 2020, 2021, 2022, 2023, 2024]",2023,2503,774,0.698,"Almonte, Yency"
2,"[2018, 2019, 2020, 2021, 2022, 2023, 2024]",2024,3277,254,0.504,"Almonte, Yency"
3,"[2018, 2019, 2020, 2021, 2022, 2023, 2024]",2019,237,512,0.567,"Almonte, Yency"
3,"[2018, 2019, 2020, 2021, 2022, 2023, 2024]",2020,749,418,0.447,"Almonte, Yency"
3,"[2018, 2019, 2020, 2021, 2022, 2023, 2024]",2021,1167,856,0.417,"Almonte, Yency"
3,"[2018, 2019, 2020, 2021, 2022, 2023, 2024]",2022,2023,480,0.763,"Almonte, Yency"
3,"[2018, 2019, 2020, 2021, 2022, 2023, 2024]",2023,2503,774,0.758,"Almonte, Yency"
3,"[2018, 2019, 2020, 2021, 2022, 2023, 2024]",2024,3277,254,0.508,"Almonte, Yency"
4,"[2018, 2019, 2020, 2021, 2022, 2023, 2024]",2020,749,418,0.645,"Almonte, Yency"
4,"[2018, 2019, 2020, 2021, 2022, 2023, 2024]",2021,1167,856,0.395,"Almonte, Yency"
4,"[2018, 2019, 2020, 2021, 2022, 2023, 2024]",2022,2023,480,0.654,"Almonte, Yency"
4,"[2018, 2019, 2020, 2021, 2022, 2023, 2024]",2023,2503,774,0.701,"Almonte, Yency"
4,"[2018, 2019, 2020, 2021, 2022, 2023, 2024]",2024,3277,254,0.505,"Almonte, Yency"
5,"[2018, 2019, 2020, 2021, 2022, 2023, 2024]",2022,2023,480,0.767,"Almonte, Yency"
5,"[2018, 2019, 2020, 2021, 2022, 2023, 2024]",2023,2503,774,0.697,"Almonte, Yency"
5,"[2018, 2019, 2020, 2021, 2022, 2023, 2024]",2024,3277,254,0.542,"Almonte, Yency"
6,"[2018, 2019, 2020, 2021, 2022, 2023, 2024]",2024,3277,254,0.538,"Almonte, Yency"
2,"[2018, 2019, 2020, 2021, 2022, 2023, 2024, 2025]",2019,602,742,0.659,"Burnes, Corbin"
2,"[2018, 2019, 2020, 2021, 2022, 2023, 2024, 2025]",2020,1344,935,0.14,"Burnes, Corbin"
2,"[2018, 2019, 2020, 2021, 2022, 2023, 2024, 2025]",2021,2279,2588,0.191,"Burnes, Corbin"
2,"[2018, 2019, 2020, 2021, 2022, 2023, 2024, 2025]",2022,4867,3189,0.489,"Burnes, Corbin"
2,"[2018, 2019, 2020, 2021, 2022, 2023, 2024, 2025]",2023,8056,3061,0.438,"Burnes, Corbin"
2,"[2018, 2019, 2020, 2021, 2022, 2023, 2024, 2025]",2024,11117,2995,0.436,"Burnes, Corbin"
2,"[2018, 2019, 2020, 2021, 2022, 2023, 2024, 2025]",2025,14112,911,0.431,"Burnes, Corbin"
3,"[2018, 2019, 2020, 2021, 2022, 2023, 2024, 2025]",2019,602,742,0.347,"Burnes, Corbin"
3,"[2018, 2019, 2020, 2021, 2022, 2023, 2024, 2025]",2020,1344,935,0.144,"Burnes, Corbin"
3,"[2018, 2019, 2020, 2021, 2022, 2023, 2024, 2025]",2021,2279,2588,0.338,"Burnes, Corbin"
3,"[2018, 2019, 2020, 2021, 2022, 2023, 2024, 2025]",2022,4867,3189,0.497,"Burnes, Corbin"
3,"[2018, 2019, 2020, 2021, 2022, 2023, 2024, 2025]",2023,8056,3061,0.454,"Burnes, Corbin"
3,"[2018, 2019, 2020, 2021, 2022, 2023, 2024, 2025]",2024,11117,2995,0.393,"Burnes, Corbin"
3,"[2018, 2019, 2020, 2021, 2022, 2023, 2024, 2025]",2025,14112,911,0.584,"Burnes, Corbin"
4,"[2018, 2019, 2020, 2021, 2022, 2023, 2024, 2025]",2019,602,742,0.776,"Burnes, Corbin"
4,"[2018, 2019, 2020, 2021, 2022, 2023, 2024, 2025]",2020,1344,935,0.238,"Burnes, Corbin"
4,"[2018, 2019, 2020, 2021, 2022, 2023, 2024, 2025]",2021,2279,2588,0.529,"Burnes, Corbin"
4,"[2018, 2019, 2020, 2021, 2022, 2023, 2024, 2025]",2022,4867,3189,0.707,"Burnes, Corbin"
4,"[2018, 2019, 2020, 2021, 2022, 2023, 2024, 2025]",2023,8056,3061,0.588,"Burnes, Corbin"
4,"[2018, 2019, 2020, 2021, 2022, 2023, 2024, 2025]",2024,11117,2995,0.452,"Burnes, Corbin"
4,"[2018, 2019, 2020, 2021, 2022, 2023, 2024, 2025]",2025,14112,911,0.497,"Burnes, Corbin"
5,"[2018, 2019, 2020, 2021, 2022, 2023, 2024, 2025]",2019,602,742,0.548,"Burnes, Corbin"
5,"[2018, 2019, 2020, 2021, 2022, 2023, 2024, 2025]",2020,1344,935,0.238,"Burnes, Corbin"
5,"[2018, 2019, 2020, 2021, 2022, 2023, 2024, 2025]",2021,2279,2588,0.688,"Burnes, Corbin"
5,"[2018, 2019, 2020, 2021, 2022, 2023, 2024, 2025]",2022,4867,3189,0.5,"Burnes, Corbin"
5,"[2018, 2019, 2020, 2021, 2022, 2023, 2024, 2025]",2023,8056,3061,0.466,"Burnes, Corbin"
5,"[2018, 2019, 2020, 2021, 2022, 2023, 2024, 2025]",2024,11117,2995,0.518,"Burnes, Corbin"
5,"[2018, 2019, 2020, 2021, 2022, 2023, 2024, 2025]",2025,14112,911,0.397,"Burnes, Corbin"
6,"[2018, 2019, 2020, 2021, 2022, 2023, 2024, 2025]",2020,1344,935,0.356,"Burnes, Corbin"
6,"[2018, 2019, 2020, 2021, 2022, 2023, 2024, 2025]",2021,2279,2588,0.56,"Burnes, Corbin"
6,"[2018, 2019, 2020, 2021, 2022, 2023, 2024, 2025]",2022,4867,3189,0.737,"Burnes, Corbin"
6,"[2018, 2019, 2020, 2021, 2022, 2023, 2024, 2025]",2023,8056,3061,0.459,"Burnes, Corbin"
6,"[2018, 2019, 2020, 2021, 2022, 2023, 2024, 2025]",2024,11117,2995,0.54,"Burnes, Corbin"
6,"[2018, 2019, 2020, 2021, 2022, 2023, 2024, 2025]",2025,14112,911,0.357,"Burnes, Corbin"
7,"[2018, 2019, 2020, 2021, 2022, 2023, 2024, 2025]",2024,11117,2995,0.419,"Burnes, Corbin"
7,"[2018, 2019, 2020, 2021, 2022, 2023, 2024, 2025]",2025,14112,911,0.39,"Burnes, Corbin"
2,"[2018, 2019, 2020, 2021, 2022, 2023, 2024, 2025]",2019,145,660,0.357,"Suarez, Ranger"
2,"[2018, 2019, 2020, 2021, 2022, 2023, 2024, 2025]",2020,805,52,0.283,"Suarez, Ranger"
2,"[2018, 2019, 2020, 2021, 2022, 2023, 2024, 2025]",2021,857,1583,0.4,"Suarez, Ranger"
2,"[2018, 2019, 2020, 2021, 2022, 2023, 2024, 2025]",2022,2440,2737,0.268,"Suarez, Ranger"
2,"[2018, 2019, 2020, 2021, 2022, 2023, 2024, 2025]",2023,5177,2201,0.184,"Suarez, Ranger"
2,"[2018, 2019, 2020, 2021, 2022, 2023, 2024, 2025]",2024,7378,2279,0.258,"Suarez, Ranger"
2,"[2018, 2019, 2020, 2021, 2022, 2023, 2024, 2025]",2025,9657,2420,0.179,"Suarez, Ranger"
3,"[2018, 2019, 2020, 2021, 2022, 2023, 2024, 2025]",2019,145,660,0.476,"Suarez, Ranger"
3,"[2018, 2019, 2020, 2021, 2022, 2023, 2024, 2025]",2020,805,52,0.301,"Suarez, Ranger"
3,"[2018, 2019, 2020, 2021, 2022, 2023, 2024, 2025]",2021,857,1583,0.532,"Suarez, Ranger"
3,"[2018, 2019, 2020, 2021, 2022, 2023, 2024, 2025]",2022,2440,2737,0.471,"Suarez, Ranger"
3,"[2018, 2019, 2020, 2021, 2022, 2023, 2024, 2025]",2023,5177,2201,0.483,"Suarez, Ranger"
3,"[2018, 2019, 2020, 2021, 2022, 2023, 2024, 2025]",2024,7378,2279,0.471,"Suarez, Ranger"
3,"[2018, 2019, 2020, 2021, 2022, 2023, 2024, 2025]",2025,9657,2420,0.452,"Suarez, Ranger"
4,"[2018, 2019, 2020, 2021, 2022, 2023, 2024, 2025]",2019,145,660,0.557,"Suarez, Ranger"
4,"[2018, 2019, 2020, 2021, 2022, 2023, 2024, 2025]",2020,805,52,0.258,"Suarez, Ranger"
4,"[2018, 2019, 2020, 2021, 2022, 2023, 2024, 2025]",2021,857,1583,0.427,"Suarez, Ranger"
4,"[2018, 2019, 2020, 2021, 2022, 2023, 2024, 2025]",2022,2440,2737,0.43,"Suarez, Ranger"
4,"[2018, 2019, 2020, 2021, 2022, 2023, 2024, 2025]",2023,5177,2201,0.412,"Suarez, Ranger"
4,"[2018, 2019, 2020, 2021, 2022, 2023, 2024, 2025]",2024,7378,2279,0.476,"Suarez, Ranger"
4,"[2018, 2019, 2020, 2021, 2022, 2023, 2024, 2025]",2025,9657,2420,0.429,"Suarez, Ranger"
5,"[2018, 2019, 2020, 2021, 2022, 2023, 2024, 2025]",2022,2440,2737,0.446,"Suarez, Ranger"
5,"[2018, 2019, 2020, 2021, 2022, 2023, 2024, 2025]",2023,5177,2201,0.365,"Suarez, Ranger"
5,"[2018, 2019, 2020, 2021, 2022, 2023, 2024, 2025]",2024,7378,2279,0.475,"Suarez, Ranger"
5,"[2018, 2019, 2020, 2021, 2022, 2023, 2024, 2025]",2025,9657,2420,0.433,"Suarez, Ranger"
6,"[2018, 2019, 2020, 2021, 2022, 2023, 2024, 2025]",2023,5177,2201,0.377,"Suarez, Ranger"
6,"[2018, 2019, 2020, 2021, 2022, 2023, 2024, 2025]",2024,7378,2279,0.47,"Suarez, Ranger"
6,"[2018, 2019, 2020, 2021, 2022, 2023, 2024, 2025]",2025,9657,2420,0.443,"Suarez, Ranger"
2,"[2019, 2020, 2021, 2022, 2023, 2024, 2025]",2020,1256,1024,0.24,"Cease, Dylan"
2,"[2019, 2020, 2021, 2022, 2023, 2024, 2025]",2021,2280,2899,0.618,"Cease, Dylan"
2,"[2019, 2020, 2021, 2022, 2023, 2024, 2025]",2022,5179,3041,0.663,"Cease, Dylan"
2,"[2019, 2020, 2021, 2022, 2023, 2024, 2025]",2023,8220,3174,0.708,"Cease, Dylan"
2,"[2019, 2020, 2021, 2022, 2023, 2024, 2025]",2024,11394,3201,0.753,"Cease, Dylan"
2,"[2019, 2020, 2021, 2022, 2023, 2024, 2025]",2025,14595,3019,0.653,"Cease, Dylan"
3,"[2019, 2020, 2021, 2022, 2023, 2024, 2025]",2020,1256,1024,0.743,"Cease, Dylan"
3,"[2019, 2020, 2021, 2022, 2023, 2024, 2025]",2021,2280,2899,0.434,"Cease, Dylan"
3,"[2019, 2020, 2021, 2022, 2023, 2024, 2025]",2022,5179,3041,0.7,"Cease, Dylan"
3,"[2019, 2020, 2021, 2022, 2023, 2024, 2025]",2023,8220,3174,0.712,"Cease, Dylan"
3,"[2019, 2020, 2021, 2022, 2023, 2024, 2025]",2024,11394,3201,0.77,"Cease, Dylan"
3,"[2019, 2020, 2021, 2022, 2023, 2024, 2025]",2025,14595,3019,0.678,"Cease, Dylan"
4,"[2019, 2020, 2021, 2022, 2023, 2024, 2025]",2020,1256,1024,0.373,"Cease, Dylan"
4,"[2019, 2020, 2021, 2022, 2023, 2024, 2025]",2021,2280,2899,0.467,"Cease, Dylan"
4,"[2019, 2020, 2021, 2022, 2023, 2024, 2025]",2022,5179,3041,0.722,"Cease, Dylan"
4,"[2019, 2020, 2021, 2022, 2023, 2024, 2025]",2023,8220,3174,0.755,"Cease, Dylan"
4,"[2019, 2020, 2021, 2022, 2023, 2024, 2025]",2024,11394,3201,0.75,"Cease, Dylan"
4,"[2019, 2020, 2021, 2022, 2023, 2024, 2025]",2025,14595,3019,0.693,"Cease, Dylan"
5,"[2019, 2020, 2021, 2022, 2023, 2024, 2025]",2020,1256,1024,0.65,"Cease, Dylan"
5,"[2019, 2020, 2021, 2022, 2023, 2024, 2025]",2021,2280,2899,0.587,"Cease, Dylan"
5,"[2019, 2020, 2021, 2022, 2023, 2024, 2025]",2022,5179,3041,0.537,"Cease, Dylan"
5,"[2019, 2020, 2021, 2022, 2023, 2024, 2025]",2023,8220,3174,0.682,"Cease, Dylan"
5,"[2019, 2020, 2021, 2022, 2023, 2024, 2025]",2024,11394,3201,0.714,"Cease, Dylan"
5,"[2019, 2020, 2021, 2022, 2023, 2024, 2025]",2025,14595,3019,0.6,"Cease, Dylan"
6,"[2019, 2020, 2021, 2022, 2023, 2024, 2025]",2022,5179,3041,0.485,"Cease, Dylan"
6,"[2019, 2020, 2021, 2022, 2023, 2024, 2025]",2023,8220,3174,0.64,"Cease, Dylan"
6,"[2019, 2020, 2021, 2022, 2023, 2024, 2025]",2024,11394,3201,0.604,"Cease, Dylan"
6,"[2019, 2020, 2021, 2022, 2023, 2024, 2025]",2025,14595,3019,0.577,"Cease, Dylan"
2,"[2019, 2020, 2021, 2022, 2023, 2024, 2025]",2020,580,860,0.191,"Webb, Logan"
2,"[2019, 2020, 2021, 2022, 2023, 2024, 2025]",2021,1440,2296,0.433,"Webb, Logan"
2,"[2019, 2020, 2021, 2022, 2023, 2024, 2025]",2022,3736,2907,0.514,"Webb, Logan"
2,"[2019, 2020, 2021, 2022, 2023, 2024, 2025]",2023,6643,3059,0.39,"Webb, Logan"
2,"[2019, 2020, 2021, 2022, 2023, 2024, 2025]",2024,9702,3096,0.355,"Webb, Logan"
2,"[2019, 2020, 2021, 2022, 2023, 2024, 2025]",2025,12798,3204,0.357,"Webb, Logan"
3,"[2019, 2020, 2021, 2022, 2023, 2024, 2025]",2020,580,860,0.301,"Webb, Logan"
3,"[2019, 2020, 2021, 2022, 2023, 2024, 2025]",2021,1440,2296,0.468,"Webb, Logan"
3,"[2019, 2020, 2021, 2022, 2023, 2024, 2025]",2022,3736,2907,0.518,"Webb, Logan"
3,"[2019, 2020, 2021, 2022, 2023, 2024, 2025]",2023,6643,3059,0.39,"Webb, Logan"
3,"[2019, 2020, 2021, 2022, 2023, 2024, 2025]",2024,9702,3096,0.356,"Webb, Logan"
3,"[2019, 2020, 2021, 2022, 2023, 2024, 2025]",2025,12798,3204,0.384,"Webb, Logan"
4,"[2019, 2020, 2021, 2022, 2023, 2024, 2025]",2020,580,860,0.456,"Webb, Logan"
4,"[2019, 2020, 2021, 2022, 2023, 2024, 2025]",2021,1440,2296,0.486,"Webb, Logan"
4,"[2019, 2020, 2021, 2022, 2023, 2024, 2025]",2022,3736,2907,0.517,"Webb, Logan"
4,"[2019, 2020, 2021, 2022, 2023, 2024, 2025]",2023,6643,3059,0.681,"Webb, Logan"
4,"[2019, 2020, 2021, 2022, 2023, 2024, 2025]",2024,9702,3096,0.67,"Webb, Logan"
4,"[2019, 2020, 2021, 2022, 2023, 2024, 2025]",2025,12798,3204,0.577,"Webb, Logan"
5,"[2019, 2020, 2021, 2022, 2023, 2024, 2025]",2021,1440,2296,0.711,"Webb, Logan"
5,"[2019, 2020, 2021, 2022, 2023, 2024, 2025]",2022,3736,2907,0.515,"Webb, Logan"
5,"[2019, 2020, 2021, 2022, 2023, 2024, 2025]",2023,6643,3059,0.39,"Webb, Logan"
5,"[2019, 2020, 2021, 2022, 2023, 2024, 2025]",2024,9702,3096,0.831,"Webb, Logan"
5,"[2019, 2020, 2021, 2022, 2023, 2024, 2025]",2025,12798,3204,0.618,"Webb, Logan"
2,"[2020, 2021, 2022, 2023, 2024, 2025]",2021,990,2210,0.723,"Singer, Brady"
2,"[2020, 2021, 2022, 2023, 2024, 2025]",2022,3200,2316,0.795,"Singer, Brady"
2,"[2020, 2021, 2022, 2023, 2024, 2025]",2023,5516,2527,0.786,"Singer, Brady"
2,"[2020, 2021, 2022, 2023, 2024, 2025]",2024,8043,2874,0.693,"Singer, Brady"
2,"[2020, 2021, 2022, 2023, 2024, 2025]",2025,10917,2758,0.01,"Singer, Brady"
3,"[2020, 2021, 2022, 2023, 2024, 2025]",2021,990,2210,0.717,"Singer, Brady"
3,"[2020, 2021, 2022, 2023, 2024, 2025]",2022,3200,2316,0.733,"Singer, Brady"
3,"[2020, 2021, 2022, 2023, 2024, 2025]",2023,5516,2527,0.353,"Singer, Brady"
3,"[2020, 2021, 2022, 2023, 2024, 2025]",2024,8043,2874,0.692,"Singer, Brady"
3,"[2020, 2021, 2022, 2023, 2024, 2025]",2025,10917,2758,0.525,"Singer, Brady"
4,"[2020, 2021, 2022, 2023, 2024, 2025]",2021,990,2210,0.421,"Singer, Brady"
4,"[2020, 2021, 2022, 2023, 2024, 2025]",2022,3200,2316,0.723,"Singer, Brady"
4,"[2020, 2021, 2022, 2023, 2024, 2025]",2023,5516,2527,0.8,"Singer, Brady"
4,"[2020, 2021, 2022, 2023, 2024, 2025]",2024,8043,2874,0.656,"Singer, Brady"
4,"[2020, 2021, 2022, 2023, 2024, 2025]",2025,10917,2758,0.521,"Singer, Brady"
5,"[2020, 2021, 2022, 2023, 2024, 2025]",2024,8043,2874,0.664,"Singer, Brady"
5,"[2020, 2021, 2022, 2023, 2024, 2025]",2025,10917,2758,0.507,"Singer, Brady"
6,"[2020, 2021, 2022, 2023, 2024, 2025]",2025,10917,2758,0.502,"Singer, Brady"
2,"[2020, 2021, 2022, 2023, 2024, 2025]",2021,539,2447,0.3,"Skubal, Tarik"
2,"[2020, 2021, 2022, 2023, 2024, 2025]",2022,2986,1833,0.205,"Skubal, Tarik"
2,"[2020, 2021, 2022, 2023, 2024, 2025]",2023,4819,1161,0.34,"Skubal, Tarik"
2,"[2020, 2021, 2022, 2023, 2024, 2025]",2024,5980,3018,0.222,"Skubal, Tarik"
2,"[2020, 2021, 2022, 2023, 2024, 2025]",2025,8998,3072,0.038,"Skubal, Tarik"
3,"[2020, 2021, 2022, 2023, 2024, 2025]",2021,539,2447,0.331,"Skubal, Tarik"
3,"[2020, 2021, 2022, 2023, 2024, 2025]",2022,2986,1833,0.256,"Skubal, Tarik"
3,"[2020, 2021, 2022, 2023, 2024, 2025]",2023,4819,1161,0.132,"Skubal, Tarik"
3,"[2020, 2021, 2022, 2023, 2024, 2025]",2024,5980,3018,0.053,"Skubal, Tarik"
3,"[2020, 2021, 2022, 2023, 2024, 2025]",2025,8998,3072,0.025,"Skubal, Tarik"
4,"[2020, 2021, 2022, 2023, 2024, 2025]",2021,539,2447,0.275,"Skubal, Tarik"
4,"[2020, 2021, 2022, 2023, 2024, 2025]",2022,2986,1833,0.227,"Skubal, Tarik"
4,"[2020, 2021, 2022, 2023, 2024, 2025]",2023,4819,1161,0.296,"Skubal, Tarik"
4,"[2020, 2021, 2022, 2023, 2024, 2025]",2024,5980,3018,0.158,"Skubal, Tarik"
4,"[2020, 2021, 2022, 2023, 2024, 2025]",2025,8998,3072,0.045,"Skubal, Tarik"
5,"[2020, 2021, 2022, 2023, 2024, 2025]",2022,2986,1833,0.299,"Skubal, Tarik"
5,"[2020, 2021, 2022, 2023, 2024, 2025]",2023,4819,1161,0.287,"Skubal, Tarik"
5,"[2020, 2021, 2022, 2023, 2024, 2025]",2024,5980,3018,0.289,"Skubal, Tarik"
5,"[2020, 2021, 2022, 2023, 2024, 2025]",2025,8998,3072,0.238,"Skubal, Tarik"
6,"[2020, 2021, 2022, 2023, 2024, 2025]",2022,2986,1833,0.315,"Skubal, Tarik"
6,"[2020, 2021, 2022, 2023, 2024, 2025]",2023,4819,1161,0.477,"Skubal, Tarik"
6,"[2020, 2021, 2022, 2023, 2024, 2025]",2024,5980,3018,0.328,"Skubal, Tarik"
6,"[2020, 2021, 2022, 2023, 2024, 2025]",2025,8998,3072,0.291,"Skubal, Tarik"
2,"[2020, 2021, 2022, 2023, 2024, 2025]",2021,509,1917,0.644,"McKenzie, Triston"
2,"[2020, 2021, 2022, 2023, 2024, 2025]",2022,2426,2928,0.555,"McKenzie, Triston"
2,"[2020, 2021, 2022, 2023, 2024, 2025]",2023,5354,221,0.582,"McKenzie, Triston"
2,"[2020, 2021, 2022, 2023, 2024, 2025]",2024,5575,1221,0.613,"McKenzie, Triston"
2,"[2020, 2021, 2022, 2023, 2024, 2025]",2025,6796,97,0.896,"McKenzie, Triston"
3,"[2020, 2021, 2022, 2023, 2024, 2025]",2021,509,1917,0.659,"McKenzie, Triston"
3,"[2020, 2021, 2022, 2023, 2024, 2025]",2022,2426,2928,0.599,"McKenzie, Triston"
3,"[2020, 2021, 2022, 2023, 2024, 2025]",2023,5354,221,0.568,"McKenzie, Triston"
3,"[2020, 2021, 2022, 2023, 2024, 2025]",2024,5575,1221,0.772,"McKenzie, Triston"
3,"[2020, 2021, 2022, 2023, 2024, 2025]",2025,6796,97,0.31,"McKenzie, Triston"
4,"[2020, 2021, 2022, 2023, 2024, 2025]",2021,509,1917,0.435,"McKenzie, Triston"
4,"[2020, 2021, 2022, 2023, 2024, 2025]",2022,2426,2928,0.503,"McKenzie, Triston"
4,"[2020, 2021, 2022, 2023, 2024, 2025]",2023,5354,221,0.477,"McKenzie, Triston"
4,"[2020, 2021, 2022, 2023, 2024, 2025]",2024,5575,1221,0.504,"McKenzie, Triston"
4,"[2020, 2021, 2022, 2023, 2024, 2025]",2025,6796,97,0.299,"McKenzie, Triston"
2,"[2020, 2021, 2022, 2023, 2024, 2025]",2021,178,1206,0.59,"Houck, Tanner"
2,"[2020, 2021, 2022, 2023, 2024, 2025]",2022,1384,838,0.603,"Houck, Tanner"
2,"[2020, 2021, 2022, 2023, 2024, 2025]",2023,2222,1649,0.505,"Houck, Tanner"
2,"[2020, 2021, 2022, 2023, 2024, 2025]",2024,3871,2651,0.648,"Houck, Tanner"
2,"[2020, 2021, 2022, 2023, 2024, 2025]",2025,6522,660,0.581,"Houck, Tanner"
3,"[2020, 2021, 2022, 2023, 2024, 2025]",2021,178,1206,0.424,"Houck, Tanner"
3,"[2020, 2021, 2022, 2023, 2024, 2025]",2022,1384,838,0.629,"Houck, Tanner"
3,"[2020, 2021, 2022, 2023, 2024, 2025]",2023,2222,1649,0.331,"Houck, Tanner"
3,"[2020, 2021, 2022, 2023, 2024, 2025]",2024,3871,2651,0.629,"Houck, Tanner"
3,"[2020, 2021, 2022, 2023, 2024, 2025]",2025,6522,660,0.546,"Houck, Tanner"
4,"[2020, 2021, 2022, 2023, 2024, 2025]",2021,178,1206,0.465,"Houck, Tanner"
4,"[2020, 2021, 2022, 2023, 2024, 2025]",2022,1384,838,0.604,"Houck, Tanner"
4,"[2020, 2021, 2022, 2023, 2024, 2025]",2023,2222,1649,0.621,"Houck, Tanner"
4,"[2020, 2021, 2022, 2023, 2024, 2025]",2024,3871,2651,0.537,"Houck, Tanner"
4,"[2020, 2021, 2022, 2023, 2024, 2025]",2025,6522,660,0.391,"Houck, Tanner"
5,"[2020, 2021, 2022, 2023, 2024, 2025]",2024,3871,2651,0.719,"Houck, Tanner"
5,"[2020, 2021, 2022, 2023, 2024, 2025]",2025,6522,660,0.364,"Houck, Tanner"
6,"[2020, 2021, 2022, 2023, 2024, 2025]",2025,6522,660,0.385,"Houck, Tanner"
2,"[2020, 2021, 2023, 2024, 2025]",2021,78,940,0.237,"Crochet, Garrett"
2,"[2020, 2021, 2023, 2024, 2025]",2023,1018,284,0.798,"Crochet, Garrett"
2,"[2020, 2021, 2023, 2024, 2025]",2024,1302,2306,0.242,"Crochet, Garrett"
2,"[2020, 2021, 2023, 2024, 2025]",2025,3608,3158,0.239,"Crochet, Garrett"
3,"[2020, 2021, 2023, 2024, 2025]",2021,78,940,0.42,"Crochet, Garrett"
3,"[2020, 2021, 2023, 2024, 2025]",2023,1018,284,0.502,"Crochet, Garrett"
3,"[2020, 2021, 2023, 2024, 2025]",2024,1302,2306,0.205,"Crochet, Garrett"
3,"[2020, 2021, 2023, 2024, 2025]",2025,3608,3158,0.242,"Crochet, Garrett"
4,"[2020, 2021, 2023, 2024, 2025]",2021,78,940,0.619,"Crochet, Garrett"
4,"[2020, 2021, 2023, 2024, 2025]",2023,1018,284,0.488,"Crochet, Garrett"
4,"[2020, 2021, 2023, 2024, 2025]",2024,1302,2306,0.206,"Crochet, Garrett"
4,"[2020, 2021, 2023, 2024, 2025]",2025,3608,3158,0.274,"Crochet, Garrett"
5,"[2020, 2021, 2023, 2024, 2025]",2025,3608,3158,0.636,"Crochet, Garrett"
6,"[2020, 2021, 2023, 2024, 2025]",2025,3608,3158,0.638,"Crochet, Garrett"
2,"[2021, 2022, 2023, 2024, 2025]",2022,2050,3011,0.452,"Gilbert, Logan"
2,"[2021, 2022, 2023, 2024, 2025]",2023,5061,2829,0.375,"Gilbert, Logan"
2,"[2021, 2022, 2023, 2024, 2025]",2024,7890,2946,0.146,"Gilbert, Logan"
2,"[2021, 2022, 2023, 2024, 2025]",2025,10836,2270,0.287,"Gilbert, Logan"
3,"[2021, 2022, 2023, 2024, 2025]",2022,2050,3011,0.488,"Gilbert, Logan"
3,"[2021, 2022, 2023, 2024, 2025]",2023,5061,2829,0.418,"Gilbert, Logan"
3,"[2021, 2022, 2023, 2024, 2025]",2024,7890,2946,0.161,"Gilbert, Logan"
3,"[2021, 2022, 2023, 2024, 2025]",2025,10836,2270,0.637,"Gilbert, Logan"
4,"[2021, 2022, 2023, 2024, 2025]",2022,2050,3011,0.419,"Gilbert, Logan"
4,"[2021, 2022, 2023, 2024, 2025]",2023,5061,2829,0.5,"Gilbert, Logan"
4,"[2021, 2022, 2023, 2024, 2025]",2024,7890,2946,0.178,"Gilbert, Logan"
4,"[2021, 2022, 2023, 2024, 2025]",2025,10836,2270,0.617,"Gilbert, Logan"
5,"[2021, 2022, 2023, 2024, 2025]",2022,2050,3011,0.457,"Gilbert, Logan"
5,"[2021, 2022, 2023, 2024, 2025]",2023,5061,2829,0.58,"Gilbert, Logan"
5,"[2021, 2022, 2023, 2024, 2025]",2024,7890,2946,0.273,"Gilbert, Logan"
5,"[2021, 2022, 2023, 2024, 2025]",2025,10836,2270,0.365,"Gilbert, Logan"
6,"[2021, 2022, 2023, 2024, 2025]",2022,2050,3011,0.461,"Gilbert, Logan"
6,"[2021, 2022, 2023, 2024, 2025]",2023,5061,2829,0.596,"Gilbert, Logan"
6,"[2021, 2022, 2023, 2024, 2025]",2024,7890,2946,0.429,"Gilbert, Logan"
6,"[2021, 2022, 2023, 2024, 2025]",2025,10836,2270,0.63,"Gilbert, Logan"
7,"[2021, 2022, 2023, 2024, 2025]",2022,2050,3011,0.456,"Gilbert, Logan"
7,"[2021, 2022, 2023, 2024, 2025]",2023,5061,2829,0.52,"Gilbert, Logan"
7,"[2021, 2022, 2023, 2024, 2025]",2024,7890,2946,0.464,"Gilbert, Logan"
7,"[2021, 2022, 2023, 2024, 2025]",2025,10836,2270,0.598,"Gilbert, Logan"
2,"[2021, 2022, 2023, 2024, 2025]",2022,1394,775,0.58,"Ober, Bailey"
2,"[2021, 2022, 2023, 2024, 2025]",2023,2169,2318,0.315,"Ober, Bailey"
2,"[2021, 2022, 2023, 2024, 2025]",2024,4487,2639,0.22,"Ober, Bailey"
2,"[2021, 2022, 2023, 2024, 2025]",2025,7126,2277,0.45,"Ober, Bailey"
3,"[2021, 2022, 2023, 2024, 2025]",2022,1394,775,0.769,"Ober, Bailey"
3,"[2021, 2022, 2023, 2024, 2025]",2023,2169,2318,0.43,"Ober, Bailey"
3,"[2021, 2022, 2023, 2024, 2025]",2024,4487,2639,0.691,"Ober, Bailey"
3,"[2021, 2022, 2023, 2024, 2025]",2025,7126,2277,0.432,"Ober, Bailey"
4,"[2021, 2022, 2023, 2024, 2025]",2022,1394,775,0.722,"Ober, Bailey"
4,"[2021, 2022, 2023, 2024, 2025]",2023,2169,2318,0.423,"Ober, Bailey"
4,"[2021, 2022, 2023, 2024, 2025]",2024,4487,2639,0.639,"Ober, Bailey"
4,"[2021, 2022, 2023, 2024, 2025]",2025,7126,2277,0.64,"Ober, Bailey"
5,"[2021, 2022, 2023, 2024, 2025]",2022,1394,775,0.537,"Ober, Bailey"
5,"[2021, 2022, 2023, 2024, 2025]",2023,2169,2318,0.387,"Ober, Bailey"
5,"[2021, 2022, 2023, 2024, 2025]",2024,4487,2639,0.626,"Ober, Bailey"
5,"[2021, 2022, 2023, 2024, 2025]",2025,7126,2277,0.638,"Ober, Bailey"
2,"[2021, 2022, 2023, 2024, 2025]",2022,189,612,0.53,"Sánchez, Cristopher"
2,"[2021, 2022, 2023, 2024, 2025]",2023,801,1423,0.572,"Sánchez, Cristopher"
2,"[2021, 2022, 2023, 2024, 2025]",2024,2224,2789,0.455,"Sánchez, Cristopher"
2,"[2021, 2022, 2023, 2024, 2025]",2025,5013,2990,0.702,"Sánchez, Cristopher"
3,"[2021, 2022, 2023, 2024, 2025]",2022,189,612,0.351,"Sánchez, Cristopher"
3,"[2021, 2022, 2023, 2024, 2025]",2023,801,1423,0.577,"Sánchez, Cristopher"
3,"[2021, 2022, 2023, 2024, 2025]",2024,2224,2789,0.563,"Sánchez, Cristopher"
3,"[2021, 2022, 2023, 2024, 2025]",2025,5013,2990,0.711,"Sánchez, Cristopher"
2,"[2021, 2022, 2023, 2024, 2025]",2022,295,2103,0.318,"Detmers, Reid"
2,"[2021, 2022, 2023, 2024, 2025]",2023,2398,2505,0.084,"Detmers, Reid"
2,"[2021, 2022, 2023, 2024, 2025]",2024,4903,1468,0.249,"Detmers, Reid"
2,"[2021, 2022, 2023, 2024, 2025]",2025,6371,1043,0.412,"Detmers, Reid"
3,"[2021, 2022, 2023, 2024, 2025]",2022,295,2103,0.332,"Detmers, Reid"
3,"[2021, 2022, 2023, 2024, 2025]",2023,2398,2505,0.329,"Detmers, Reid"
3,"[2021, 2022, 2023, 2024, 2025]",2024,4903,1468,0.258,"Detmers, Reid"
3,"[2021, 2022, 2023, 2024, 2025]",2025,6371,1043,0.416,"Detmers, Reid"
4,"[2021, 2022, 2023, 2024, 2025]",2022,295,2103,0.33,"Detmers, Reid"
4,"[2021, 2022, 2023, 2024, 2025]",2023,2398,2505,0.431,"Detmers, Reid"
4,"[2021, 2022, 2023, 2024, 2025]",2024,4903,1468,0.399,"Detmers, Reid"
4,"[2021, 2022, 2023, 2024, 2025]",2025,6371,1043,0.426,"Detmers, Reid"
5,"[2021, 2022, 2023, 2024, 2025]",2023,2398,2505,0.422,"Detmers, Reid"
5,"[2021, 2022, 2023, 2024, 2025]",2024,4903,1468,0.457,"Detmers, Reid"
5,"[2021, 2022, 2023, 2024, 2025]",2025,6371,1043,0.421,"Detmers, Reid"
6,"[2021, 2022, 2023, 2024, 2025]",2023,2398,2505,0.37,"Detmers, Reid"
6,"[2021, 2022, 2023, 2024, 2025]",2024,4903,1468,0.438,"Detmers, Reid"
6,"[2021, 2022, 2023, 2024, 2025]",2025,6371,1043,0.409,"Detmers, Reid"
2,"[2022, 2023, 2024, 2025]",2023,1070,2763,0.578,"Sears, JP"
2,"[2022, 2023, 2024, 2025]",2024,3833,2774,0.418,"Sears, JP"
2,"[2022, 2023, 2024, 2025]",2025,6607,2259,0.494,"Sears, JP"
3,"[2022, 2023, 2024, 2025]",2023,1070,2763,0.862,"Sears, JP"
3,"[2022, 2023, 2024, 2025]",2024,3833,2774,0.751,"Sears, JP"
3,"[2022, 2023, 2024, 2025]",2025,6607,2259,0.761,"Sears, JP"
4,"[2022, 2023, 2024, 2025]",2023,1070,2763,0.861,"Sears, JP"
4,"[2022, 2023, 2024, 2025]",2024,3833,2774,0.668,"Sears, JP"
4,"[2022, 2023, 2024, 2025]",2025,6607,2259,0.72,"Sears, JP"
5,"[2022, 2023, 2024, 2025]",2024,3833,2774,0.637,"Sears, JP"
5,"[2022, 2023, 2024, 2025]",2025,6607,2259,0.708,"Sears, JP"
6,"[2022, 2023, 2024, 2025]",2024,3833,2774,0.595,"Sears, JP"
6,"[2022, 2023, 2024, 2025]",2025,6607,2259,0.694,"Sears, JP"
2,"[2022, 2023, 2024, 2025]",2023,2127,2726,0.471,"Kirby, George"
2,"[2022, 2023, 2024, 2025]",2024,4853,2865,0.394,"Kirby, George"
2,"[2022, 2023, 2024, 2025]",2025,7718,2313,0.058,"Kirby, George"
3,"[2022, 2023, 2024, 2025]",2023,2127,2726,0.545,"Kirby, George"
3,"[2022, 2023, 2024, 2025]",2024,4853,2865,0.563,"Kirby, George"
3,"[2022, 2023, 2024, 2025]",2025,7718,2313,0.538,"Kirby, George"
4,"[2022, 2023, 2024, 2025]",2023,2127,2726,0.488,"Kirby, George"
4,"[2022, 2023, 2024, 2025]",2024,4853,2865,0.463,"Kirby, George"
4,"[2022, 2023, 2024, 2025]",2025,7718,2313,0.495,"Kirby, George"
5,"[2022, 2023, 2024, 2025]",2023,2127,2726,0.412,"Kirby, George"
5,"[2022, 2023, 2024, 2025]",2024,4853,2865,0.449,"Kirby, George"
5,"[2022, 2023, 2024, 2025]",2025,7718,2313,0.504,"Kirby, George"
6,"[2022, 2023, 2024, 2025]",2023,2127,2726,0.382,"Kirby, George"
6,"[2022, 2023, 2024, 2025]",2024,4853,2865,0.447,"Kirby, George"
6,"[2022, 2023, 2024, 2025]",2025,7718,2313,0.463,"Kirby, George"
7,"[2022, 2023, 2024, 2025]",2024,4853,2865,0.407,"Kirby, George"
7,"[2022, 2023, 2024, 2025]",2025,7718,2313,0.453,"Kirby, George"
2,"[2022, 2023, 2024, 2025]",2023,660,579,0.019,"Pepiot, Ryan"
2,"[2022, 2023, 2024, 2025]",2024,1239,2050,0.133,"Pepiot, Ryan"
2,"[2022, 2023, 2024, 2025]",2025,3289,2519,0.114,"Pepiot, Ryan"
3,"[2022, 2023, 2024, 2025]",2023,660,579,0.643,"Pepiot, Ryan"
3,"[2022, 2023, 2024, 2025]",2024,1239,2050,0.646,"Pepiot, Ryan"
3,"[2022, 2023, 2024, 2025]",2025,3289,2519,0.763,"Pepiot, Ryan"
4,"[2022, 2023, 2024, 2025]",2023,660,579,0.422,"Pepiot, Ryan"
4,"[2022, 2023, 2024, 2025]",2024,1239,2050,0.176,"Pepiot, Ryan"
4,"[2022, 2023, 2024, 2025]",2025,3289,2519,0.771,"Pepiot, Ryan"
5,"[2022, 2023, 2024, 2025]",2025,3289,2519,0.836,"Pepiot, Ryan"
6,"[2022, 2023, 2024, 2025]",2025,3289,2519,0.809,"Pepiot, Ryan"
2,"[2023, 2024, 2025]",2024,526,992,0.964,"Miller, Mason"
2,"[2023, 2024, 2025]",2025,1518,994,0.957,"Miller, Mason"
3,"[2023, 2024, 2025]",2024,526,992,0.728,"Miller, Mason"
3,"[2023, 2024, 2025]",2025,1518,994,0.9,"Miller, Mason"
4,"[2023, 2024, 2025]",2024,526,992,0.768,"Miller, Mason"
4,"[2023, 2024, 2025]",2025,1518,994,0.71,"Miller, Mason"
2,"[2023, 2024, 2025]",2024,1990,2658,0.343,"Miller, Bryce"
2,"[2023, 2024, 2025]",2025,4648,1638,0.444,"Miller, Bryce"
3,"[2023, 2024, 2025]",2024,1990,2658,0.548,"Miller, Bryce"
3,"[2023, 2024, 2025]",2025,4648,1638,0.591,"Miller, Bryce"
4,"[2023, 2024, 2025]",2024,1990,2658,0.497,"Miller, Bryce"
4,"[2023, 2024, 2025]",2025,4648,1638,0.603,"Miller, Bryce"
5,"[2023, 2024, 2025]",2024,1990,2658,0.477,"Miller, Bryce"
5,"[2023, 2024, 2025]",2025,4648,1638,0.54,"Miller, Bryce"
6,"[2023, 2024, 2025]",2024,1990,2658,0.528,"Miller, Bryce"
6,"[2023, 2024, 2025]",2025,4648,1638,0.578,"Miller, Bryce"
7,"[2023, 2024, 2025]",2024,1990,2658,0.464,"Miller, Bryce"
7,"[2023, 2024, 2025]",2025,4648,1638,0.497,"Miller, Bryce"
2,"[2023, 2024, 2025]",2024,1852,2686,0.419,"Pfaadt, Brandon"
2,"[2023, 2024, 2025]",2025,4538,2833,0.305,"Pfaadt, Brandon"
3,"[2023, 2024, 2025]",2024,1852,2686,0.598,"Pfaadt, Brandon"
3,"[2023, 2024, 2025]",2025,4538,2833,0.416,"Pfaadt, Brandon"
4,"[2023, 2024, 2025]",2024,1852,2686,0.571,"Pfaadt, Brandon"
4,"[2023, 2024, 2025]",2025,4538,2833,0.45,"Pfaadt, Brandon"
5,"[2023, 2024, 2025]",2024,1852,2686,0.516,"Pfaadt, Brandon"
5,"[2023, 2024, 2025]",2025,4538,2833,0.459,"Pfaadt, Brandon"
2,"[2024, 2025]",holdout,3460,1484,0.332,"Skenes, Paul"
3,"[2024, 2025]",holdout,3460,1484,0.645,"Skenes, Paul"
4,"[2024, 2025]",holdout,3460,1484,0.648,"Skenes, Paul"
5,"[2024, 2025]",holdout,3460,1484,0.592,"Skenes, Paul"
6,"[2024, 2025]",holdout,3460,1484,0.512,"Skenes, Paul"
7,"[2024, 2025]",holdout,3460,1484,0.409,"Skenes, Paul"
